player_id,player,nick,team,mins,apps,passes,comp,open_passes,prog,lb,up_passes,up_comp,rel_space,lb_share,xT,xT_pass,xT_carry,receipts,tight_share,space5_share,space10_share,recv_space,f3_receipts,f3_space5,shots,xg,goals,passes_90,prog_90,lb_90,xT_90,xT_pass_90,xT_carry_90,receipts_90,f3_receipts_90,shots_90,xg_90
5574,Toni Kroos,Toni Kroos,Germany,492.0333333333333,5,545.0,0.8972477064220183,477.0,77.0,106.0,73.0,0.9041095890410958,5.950283396162369,0.2325,2.3422556274046036,1.9964350652978546,0.345820562106749,407.0,0.009828009828009828,0.8132678132678133,0.27764127764127766,7.89217554140977,49.0,0.7959183673469388,3.0,0.154933717,0.0,99.6883679967482,14.084411625228643,19.388930289275795,0.4284323686736963,0.36517679535967806,0.06325557331401818,74.4461757333514,8.962807397872773,0.5487433100738432,0.028339613569541358
18617,Mykola Matvienko,Mykola Matvienko,Ukraine,286.0,3,227.0,0.933920704845815,219.0,25.0,37.0,6.0,0.6666666666666666,7.337722266665325,0.1875,0.6143776444863078,0.4780808468343939,0.13629679765191394,168.0,0.005952380952380952,0.9642857142857143,0.6845238095238095,11.666353922748371,6.0,0.8333333333333334,,,,71.43356643356644,7.867132867132867,11.643356643356643,0.19333562239079616,0.15044502173110297,0.0428906006596932,52.86713286713287,1.8881118881118881,,
3089,Kevin De Bruyne,Kevin De Bruyne,Belgium,381.0,4,228.0,0.75,190.0,46.0,44.0,41.0,0.7560975609756098,4.819017855783366,0.3028169014084507,1.5830020499271498,1.0305621568188534,0.5524398931082963,205.0,0.11219512195121951,0.6048780487804878,0.1902439024390244,6.18601351730589,87.0,0.5517241379310345,11.0,0.87779584,1.0,53.85826771653544,10.866141732283465,10.393700787401574,0.3739374921087755,0.24343987956350868,0.13049761254526684,48.425196850393704,20.551181102362207,2.5984251968503935,0.20735334803149605
9195,Robert Andrich,Robert Andrich,Germany,326.68333333333334,5,234.0,0.8931623931623932,228.0,29.0,36.0,15.0,0.8,4.655311683647218,0.18716577540106952,1.1551204421226244,1.0090026063796134,0.14611783574301118,186.0,0.03225806451612903,0.6182795698924731,0.14516129032258066,6.151443181748047,39.0,0.5897435897435898,7.0,0.275720758,0.0,64.46609866843528,7.989388296515484,9.917861333605428,0.31823123246069956,0.2779763315366518,0.04025490092404777,51.242283556961375,10.744349778072547,1.9284730370899443,0.07596000679557166
7024,Jorge Luiz Frello Filho,Jorginho,Italy,220.86666666666667,3,240.0,0.9208333333333333,232.0,25.0,24.0,18.0,1.0,4.392363727453184,0.12060301507537688,0.872051797471042,0.7602530342565241,0.11179876321451779,204.0,0.024509803921568627,0.6323529411764706,0.15196078431372548,6.216916414982785,39.0,0.5897435897435898,,,,97.79655900996076,10.18714156353758,9.779655900996076,0.3553486044629963,0.30979221136320784,0.045556393099788414,83.12707515846665,15.891940839118623,,
3570,Pierre-Emile Højbjerg,Pierre-Emile Højbjerg,Denmark,368.35,4,298.0,0.889261744966443,291.0,44.0,40.0,37.0,0.8108108108108109,4.525810766370236,0.15481171548117154,1.553388538918327,1.1804992620834212,0.372889276834906,247.0,0.044534412955465584,0.6963562753036437,0.19433198380566802,6.597217485075981,47.0,0.6595744680851063,7.0,0.22892275,0.0,72.81118501425274,10.750644767205104,9.773313424731912,0.37954382653087937,0.2884347321501504,0.09110909438072905,60.35021039771956,11.483643274059997,1.7103298493280845,0.05593334464503868
6655,Fabián Ruiz Peña,Fabián Ruiz,Spain,609.5166666666667,6,437.0,0.8878718535469108,427.0,77.0,65.0,74.0,0.8783783783783784,4.554533880106508,0.1880597014925373,2.136707114646858,1.5176927946261627,0.6190143200206955,385.0,0.06233766233766234,0.6909090909090909,0.22077922077922077,6.687196811692507,115.0,0.6173913043478261,17.0,1.144999673,2.0,64.5265374203604,11.369664488255722,9.597768723852234,0.31550185718446405,0.22409945287198269,0.09140240431248135,56.84832244127861,16.980667742200104,2.5101856662382764,0.1690683392360067
5463,Luka Modrić,Luka Modrić,Croatia,243.56666666666666,3,225.0,0.8533333333333334,210.0,32.0,25.0,33.0,0.8787878787878788,4.622444900843137,0.15060240963855423,1.2180157835637822,0.7943099072435182,0.42370587632026396,177.0,0.062146892655367235,0.768361581920904,0.22033898305084745,7.443851143248841,54.0,0.6481481481481481,5.0,1.363541618,1.0,83.1394553168195,11.824278089503215,9.237717257424388,0.4500674169456975,0.2935044135154645,0.15656300343023302,65.40303818256466,19.953469276036678,1.8475434514848776,0.5038404774325989
3500,Granit Xhaka,Granit Xhaka,Switzerland,508.0,5,406.0,0.9137931034482759,394.0,69.0,51.0,66.0,0.8333333333333334,4.054205405881218,0.142433234421365,1.6168967612868266,1.4153817465488467,0.2015150147379797,319.0,0.034482758620689655,0.7178683385579937,0.1724137931034483,6.686887703024522,72.0,0.5833333333333334,4.0,0.15239832,0.0,71.92913385826772,12.224409448818898,9.035433070866143,0.2864580876295559,0.2507566086405437,0.03570147898901215,56.51574803149606,12.755905511811024,0.7086614173228346,0.026999702362204725
3042,Mikel Merino Zazón,Mikel Merino,Spain,214.0,7,136.0,0.8455882352941176,135.0,21.0,21.0,36.0,0.75,3.2833834831234974,0.19811320754716982,0.8076451501351866,0.6009550287967316,0.20669012133845494,128.0,0.203125,0.4921875,0.125,4.8320140108774154,45.0,0.4666666666666667,3.0,0.32604773,1.0,57.196261682242984,8.831775700934578,8.831775700934578,0.3396638481876953,0.2527380962229245,0.08692575196477077,53.83177570093458,18.925233644859812,1.2616822429906542,0.13712287710280374
39136,Illia Zabarnyi,Ilya Zabarnyi,Ukraine,286.0,3,200.0,0.865,192.0,22.0,28.0,16.0,0.5,7.018427405954753,0.17333333333333334,0.625864479687902,0.4912263057197343,0.13463817396816774,137.0,0.0,0.9562043795620438,0.781021897810219,13.22156970512754,3.0,1.0,,,,62.93706293706293,6.923076923076923,8.811188811188812,0.1969503607409482,0.1545817045971192,0.04236865614382901,43.11188811188811,0.9440559440559441,,
4353,Aymeric Laporte,Aymeric Laporte,Spain,552.7666666666667,6,489.0,0.9325153374233128,461.0,79.0,54.0,34.0,0.8823529411764706,7.235480995979615,0.14127423822714683,1.9269712577760352,1.396458745498602,0.5305125122774335,339.0,0.011799410029498525,0.9469026548672567,0.7374631268436578,12.585813183188534,26.0,0.7692307692307693,5.0,0.267901845,0.0,79.61768075740217,12.862570101911595,8.792136525357293,0.313744340348266,0.22736770263801637,0.08637663771024967,55.19507929807635,4.2332509196164745,0.8140867153108605,0.043619066604353864
8247,Joachim Andersen,Joachim Andersen,Denmark,380.0,4,294.0,0.8571428571428571,282.0,28.0,37.0,41.0,0.6341463414634146,6.150240975411111,0.1542056074766355,0.8674772864884098,0.7332121939029104,0.13426509258549943,206.0,0.03398058252427184,0.941747572815534,0.5194174757281553,10.175926090104321,21.0,0.7142857142857143,3.0,0.144297074,0.0,69.63157894736841,6.63157894736842,8.763157894736842,0.20545514679988655,0.17365551960858402,0.0317996271913025,48.78947368421053,4.973684210526316,0.7105263157894737,0.034175622789473684
10481,Aurélien Djani Tchouaméni,Aurélien Tchouaméni,France,493.76666666666665,5,381.0,0.9291338582677166,372.0,74.0,48.0,36.0,0.8611111111111112,6.1358247842154725,0.15666666666666668,1.791730604914252,1.458584427672453,0.333146177241799,318.0,0.015723270440251572,0.8647798742138365,0.4937106918238994,9.89916872713427,57.0,0.7543859649122807,12.0,0.404903345,0.0,69.4457571052454,13.488152298656587,8.74907176129076,0.32658290915199356,0.26585957974182295,0.06072332941017061,57.962600418551276,10.389522716532776,2.18726794032269,0.07380267545399312
5202,José Ignacio Fernández Iglesias,Nacho,Spain,228.23333333333332,4,137.0,0.927007299270073,121.0,12.0,21.0,19.0,0.8421052631578947,5.65331917284943,0.1566265060240964,0.35203813489107627,0.2603690289851034,0.09166910590597283,91.0,0.02197802197802198,0.8461538461538461,0.46153846153846156,9.675767068770373,1.0,1.0,,,,54.023659997079015,4.731999415802542,8.280998977654448,0.13882035405373244,0.10267217442088201,0.03614817963285039,35.88432890316927,0.3943332846502118,,
6765,Rodrigo Hernández Cascante,Rodri,Spain,566.4833333333333,6,436.0,0.9426605504587156,423.0,52.0,52.0,81.0,0.8888888888888888,3.9935170597748146,0.13736263736263737,1.4529812697836444,1.1193873426827865,0.333593927100858,339.0,0.05309734513274336,0.6991150442477876,0.168141592920354,6.355801746569371,65.0,0.7076923076923077,5.0,0.19102767569999998,1.0,69.26946953426108,8.261496366471505,8.261496366471505,0.2308422977090141,0.17784258585092372,0.052999711858090354,53.858601312189236,10.326870458089381,0.7943746506222601,0.030349508628673978
40920,Márton Dárdai,Márton Dárdai,Hungary,185.91666666666666,3,92.0,0.7391304347826086,81.0,10.0,17.0,6.0,0.5,7.567974867437709,0.30434782608695654,0.3881141330181021,0.3694690986192504,0.01864503439885171,52.0,0.038461538461538464,0.8653846153846154,0.6538461538461539,13.43915597779643,5.0,0.4,1.0,0.05713405,0.0,44.5360824742268,4.840878529807262,8.229493500672346,0.18788133736420898,0.1788555026933171,0.009025834670891908,25.172568354997757,2.420439264903631,0.4840878529807261,0.02765789959659346
30486,Pedro González López,Pedri,Spain,188.71666666666667,4,92.0,0.9021739130434783,92.0,16.0,17.0,28.0,0.9642857142857143,2.8554034231068104,0.2077922077922078,0.8890238200046027,0.464211493943922,0.4248123260606806,122.0,0.10655737704918032,0.4262295081967213,0.19672131147540983,4.448435862030039,66.0,0.4696969696969697,6.0,0.851291269,0.0,43.8752980658836,7.630486620153669,8.107392033913275,0.42398027272143907,0.2213849745912902,0.20259529813014882,58.18246047867173,31.475757308133886,2.861432482557626,0.4059854148723836
21294,Mykola Shaparenko,Mykola Shaparenko,Ukraine,223.14999999999998,3,130.0,0.8846153846153846,125.0,18.0,20.0,14.0,0.7857142857142857,3.8796110064232154,0.1941747572815534,0.6846767690894314,0.5627569073148212,0.12191986177461028,109.0,0.045871559633027525,0.6788990825688074,0.14678899082568808,6.1897054928512985,20.0,0.75,1.0,0.23976156,1.0,52.431100156845176,7.2596907909477935,8.066323101053104,0.27614120196302416,0.22696895208753715,0.04917224987548701,43.96146090073942,8.066323101053104,0.4033161550526552,0.0966997105086265
5579,Joshua Kimmich,Joshua Kimmich,Germany,505.0,5,411.0,0.8929440389294404,371.0,49.0,44.0,41.0,0.926829268292683,5.007708306207025,0.1453900709219858,3.693244760972641,2.9286098579201063,0.7646349030525346,304.0,0.013157894736842105,0.8388157894736842,0.3651315789473684,8.616284892342723,144.0,0.7986111111111112,7.0,0.3097767004,0.0,73.24752475247524,8.732673267326733,7.841584158415841,0.6582020366089855,0.5219304697283358,0.13627156688064973,54.17821782178218,25.66336633663366,1.2475247524752475,0.05520772878415841
5549,Manuel Obafemi Akanji,Manuel Akanji,Switzerland,508.0,5,333.0,0.9219219219219219,306.0,27.0,44.0,38.0,0.8157894736842105,5.257731289306458,0.16015625,0.6134586929421382,0.4803684957328156,0.13309019720932264,215.0,0.009302325581395349,0.9395348837209302,0.6604651162790698,11.572521807275281,5.0,0.8,1.0,0.7835,0.0,58.99606299212598,4.783464566929134,7.795275590551181,0.10868362670234731,0.08510465475581379,0.02357897194653354,38.09055118110236,0.8858267716535433,0.17716535433070865,0.13880905511811023
40724,Florian Wirtz,Florian Wirtz,Germany,292.5333333333333,5,189.0,0.8941798941798942,178.0,21.0,25.0,38.0,0.9210526315789473,3.4597847142073097,0.15584415584415584,1.8591522115204755,1.0560959676919843,0.803056243828491,186.0,0.10215053763440861,0.532258064516129,0.12903225806451613,5.227891699975962,86.0,0.5232558139534884,8.0,0.575405031,2.0,58.14721969006382,6.460802187784868,7.691431175934367,0.5719816512198365,0.3249155780273881,0.24706607319244825,57.2242479489517,26.458523245214224,2.4612579762989975,0.17702752776891523
21582,Tijjani Reijnders,Tijjani Reijnders,Netherlands,519.4666666666667,6,270.0,0.9222222222222223,266.0,47.0,44.0,25.0,0.84,4.32885121758398,0.19369369369369369,1.946658314886566,1.2082932954741445,0.7383650194124216,243.0,0.04938271604938271,0.6625514403292181,0.13580246913580246,6.545302476623514,66.0,0.5606060606060606,10.0,0.63312077,0.0,46.77874743326489,8.142967145790553,7.623203285420944,0.337267546855347,0.20934239590478632,0.12792515095056073,42.10087268993839,11.434804928131417,1.7325462012320325,0.10969109849845995
34639,Vitor Machado Ferreira,Vitinha,Portugal,413.8666666666667,4,326.0,0.8987730061349694,308.0,36.0,35.0,47.0,0.851063829787234,3.9928669003338624,0.13307984790874525,1.3123798049707474,0.8178788584068718,0.49450094656387555,271.0,0.025830258302583026,0.7232472324723247,0.15498154981549817,6.643259891737493,62.0,0.6612903225806451,8.0,0.6410417230000001,0.0,70.8923969072165,7.82860824742268,7.6111469072164954,0.28539187124847115,0.17785703267546343,0.10753483857300773,58.93202319587628,13.482603092783505,1.7396907216494846,0.13940179221166238
41202,Giorgi Kochorashvili,Giorgi Kochorashvili,Georgia,380.65,4,176.0,0.9090909090909091,168.0,16.0,32.0,25.0,0.88,3.7899812890779185,0.22695035460992907,0.7515947746745685,0.4031939409183506,0.34840083375621794,151.0,0.08609271523178808,0.5960264900662252,0.16556291390728478,5.804322379217468,17.0,0.5882352941176471,5.0,0.8157087143,0.0,41.61303034283463,3.783002758439512,7.566005516879024,0.17770531911391346,0.09533023691751362,0.08237508219639988,35.70208853277289,4.019440430841981,1.1821883620123474,0.19286426976750298
6321,Milos Veljkovic,Milos Veljkovic,Serbia,287.0,3,226.0,0.9203539823008849,223.0,29.0,24.0,13.0,0.8461538461538461,7.00459254886212,0.12413793103448276,0.8192468618726247,0.6964715361184666,0.12277532575415821,132.0,0.0,0.9621212121212122,0.5757575757575758,10.674714830409325,7.0,1.0,,,,70.87108013937282,9.094076655052264,7.526132404181185,0.2569066814234712,0.2184057081904599,0.038500973233011285,41.393728222996515,2.1951219512195124,,
39167,Xavi Simons,Xavi Simons,Netherlands,472.01666666666665,6,185.0,0.8378378378378378,180.0,40.0,39.0,24.0,0.7916666666666666,4.2130830382056645,0.2867647058823529,1.7982138325509198,0.9552646761971608,0.842949156353759,192.0,0.08854166666666667,0.5520833333333334,0.203125,5.472219010272617,79.0,0.4810126582278481,11.0,0.545334746,1.0,35.274178171674734,7.626849334416158,7.436178101055753,0.3428676492982228,0.18214149399613955,0.1607261553020832,36.60887680519755,15.063027435471911,2.0973835669644436,0.10397964861410261
3026,Adrien Rabiot,Adrien Rabiot,France,381.1166666666667,5,235.0,0.9106382978723404,226.0,37.0,31.0,29.0,0.8275862068965517,4.612190391904347,0.15053763440860216,1.508250953611168,0.8652986147805868,0.6429523388305813,217.0,0.06451612903225806,0.6175115207373272,0.271889400921659,6.564192762682163,77.0,0.6233766233766234,3.0,0.26204044,0.0,55.49481785979796,8.73748196090436,7.32059299427122,0.35617068918092915,0.2043386766875921,0.15183201249333708,51.24415095989854,18.183408405125288,0.7084444833165697,0.06188036804128219
5456,Mateo Kovačić,Mateo Kovačić,Croatia,233.8,3,168.0,0.9345238095238095,166.0,20.0,19.0,23.0,0.9130434782608695,3.9549987509974973,0.1347517730496454,1.1486520945084648,0.7669279372446854,0.3817241572637794,160.0,0.075,0.6625,0.1625,6.603296258624063,40.0,0.525,6.0,0.325062407,0.0,64.67065868263474,7.698887938408896,7.3139435414884515,0.44216718779196673,0.2952246122840962,0.1469425755078706,61.59110350727117,15.397775876817793,2.309666381522669,0.12513095222412318
3167,Antonio Rüdiger,Antonio Rüdiger,Germany,504.55,5,409.0,0.9119804400977995,401.0,58.0,41.0,36.0,0.8333333333333334,7.3686434558671206,0.11935483870967742,2.1815727228060906,1.9067555507282297,0.27481717207786094,301.0,0.009966777408637873,0.9335548172757475,0.6179401993355482,10.98220077495,36.0,0.9166666666666666,4.0,0.163332276,0.0,72.95609949459914,10.345852740065403,7.3134476265979576,0.3891418988257817,0.3401208989506306,0.0490209998751511,53.69140818551184,6.421563769695768,0.713507085521752,0.0291346840550986
6687,Saša Lukić,Saša Lukić,Serbia,210.96666666666667,3,150.0,0.9466666666666667,144.0,14.0,17.0,21.0,1.0,3.947933984930689,0.11864406779661017,0.45946945747447626,0.25485487246343197,0.20461458501104432,98.0,0.030612244897959183,0.7346938775510204,0.21428571428571427,6.982623766826322,13.0,0.6923076923076923,1.0,0.08807026,0.0,63.99115184073313,5.972507505135091,7.252330541949755,0.1960131987961899,0.108723045607721,0.0872901531884689,41.807552535945646,5.545899826196871,0.4266076789382209,0.03757144920208563
3043,Christian Dannemann Eriksen,Christian Eriksen,Denmark,360.2,4,221.0,0.751131221719457,185.0,23.0,29.0,24.0,0.75,5.297549339599401,0.18055555555555555,1.1232979893438668,0.705140861872029,0.41815712747183786,195.0,0.08205128205128205,0.5282051282051282,0.16923076923076924,5.1625385357931535,86.0,0.5465116279069767,12.0,0.83504278,1.0,55.21932259855636,5.746807329261522,7.245974458634092,0.2806685703524376,0.17618733361599836,0.10448123673643923,48.72293170460855,21.488062187673517,2.9983342587451416,0.2086447812326485
57303,Kristjan Asllani,Kristjan Asllani,Albania,289.0,3,193.0,0.8290155440414507,172.0,24.0,23.0,17.0,0.7058823529411765,5.513278595958872,0.1323529411764706,0.5776603616988292,0.3800152166903152,0.19764514500851404,154.0,0.032467532467532464,0.7012987012987013,0.3116883116883117,7.665312457885529,19.0,0.631578947368421,8.0,0.628606346,0.0,60.103806228373706,7.474048442906574,7.162629757785467,0.17989423028683263,0.1183438391077106,0.06155039117912202,47.95847750865052,5.916955017301038,2.491349480968858,0.19575976173010382
5204,Bruno Miguel Borges Fernandes,Bruno Fernandes,Portugal,440.8666666666667,4,297.0,0.7474747474747475,270.0,48.0,35.0,40.0,0.85,4.486349235941892,0.17894736842105263,2.1641422937157784,1.5345242593750186,0.62961803434076,259.0,0.08494208494208494,0.6293436293436293,0.2625482625482625,6.523123654153017,77.0,0.5714285714285714,11.0,2.005059324,2.0,60.630576137910175,9.798880991985484,7.145017389989414,0.4417952663717376,0.31326292910271814,0.12853233726901953,52.87312868592167,15.719038257976713,2.245576893996673,0.40931953536972626
21633,Joey Veerman,Joey Veerman,Netherlands,232.05,6,169.0,0.7928994082840237,151.0,21.0,18.0,21.0,0.5714285714285714,5.243053182405736,0.1574074074074074,0.7381462032747582,0.6113053905487811,0.1268408127259772,130.0,0.038461538461538464,0.7,0.16923076923076924,7.060791935603129,26.0,0.8076923076923077,2.0,0.141348857,0.0,65.54621848739495,8.144796380090497,6.98125404007757,0.2862881202099902,0.23709323486054856,0.049194885349441705,50.42016806722689,10.084033613445378,0.7756948933419521,0.05482179327731092
5537,Fabian Lukas Schär,Fabian Schär,Switzerland,506.75,5,256.0,0.8046875,240.0,28.0,39.0,28.0,0.5357142857142857,5.904893966590853,0.21818181818181817,1.117829367979719,0.7755708351221966,0.3422585328575225,197.0,0.025380710659898477,0.9187817258883249,0.5583756345177665,10.609984305680367,22.0,0.8181818181818182,6.0,1.00391521,1.0,45.46620621608289,4.972866304884065,6.926492353231376,0.1985291428084356,0.13774321689392738,0.06078592591450819,34.98766650222003,3.9072520966946223,1.0656142081894424,0.17829771859891463
38975,Georgiy Sudakov,Georgiy Sudakov,Ukraine,273.31666666666666,3,118.0,0.8559322033898306,113.0,19.0,21.0,13.0,0.8461538461538461,3.980486768240276,0.21978021978021978,0.9934639376927171,0.6095880285231849,0.3838759091695323,117.0,0.1111111111111111,0.6068376068376068,0.1623931623931624,5.959492389245474,33.0,0.6363636363636364,9.0,0.4295394503,0.0,38.85602780657357,6.256479053600829,6.915055796085127,0.32713612193064656,0.2007302490411122,0.12640587288953437,38.52673943533142,10.866516250990914,2.96359534117934,0.14144234597353497
3961,N'Golo Kanté,N'Golo Kanté,France,538.3,6,324.0,0.8981481481481481,322.0,53.0,41.0,55.0,0.8363636363636363,4.7438496603891105,0.15267175572519084,2.322536963803245,1.4624089390909005,0.8601280247123447,284.0,0.04929577464788732,0.6443661971830986,0.18661971830985916,6.099529314996633,87.0,0.6551724137931034,5.0,0.240182654,0.0,54.17053687534832,8.861229797510683,6.854913616942226,0.3883119575372322,0.2445045597588353,0.14380739777839685,47.48281627345347,14.54579230912131,0.8359650752368569,0.04015686208433959
15503,Jerdy Schouten,Jerdy Schouten,Netherlands,526.4833333333333,6,328.0,0.926829268292683,322.0,48.0,40.0,35.0,0.8857142857142857,4.625601811210003,0.15,1.410123591810105,1.2322164484171831,0.17790714339292188,255.0,0.058823529411764705,0.592156862745098,0.1803921568627451,5.962020333697234,53.0,0.5849056603773585,1.0,0.07204104,0.0,56.07015100193105,8.205387951502106,6.83782329291842,0.24105439854932306,0.2106419583226056,0.03041244022671747,43.59112349235493,9.060115863116907,0.1709455823229605,0.012315097533951692
43913,Arthur Theate,Arthur Theate,Belgium,263.9166666666667,3,195.0,0.8512820512820513,167.0,24.0,20.0,19.0,0.7368421052631579,6.586872262609198,0.12307692307692308,0.399836161539971,0.3245385481003651,0.07529761343960589,122.0,0.00819672131147541,0.9180327868852459,0.5573770491803278,10.627152133204945,14.0,0.9285714285714286,2.0,0.013899584,0.0,66.49826334070097,8.184401641932428,6.8203347016103555,0.1363508223754874,0.1106730760809581,0.02567774629452932,41.60404167982317,4.774234291127249,0.6820334701610357,0.004739990754657404
7480,Alessandro Bastoni,Alessandro Bastoni,Italy,383.56666666666666,4,335.0,0.9223880597014925,316.0,28.0,29.0,26.0,0.7307692307692307,6.529517772468404,0.1134453781512605,0.8454474433947985,0.6470565804809615,0.19839086291383706,246.0,0.024390243902439025,0.943089430894309,0.6504065040650406,11.210327722260882,13.0,0.6153846153846154,3.0,0.45018278,1.0,78.60432780046928,6.569913965412358,6.804553749891371,0.1983756059064879,0.1518252165897798,0.046550389316708095,57.72138698183714,3.050317198227166,0.7039193534370384,0.10563079047536282
6798,Stanislav Lobotka,Stanislav Lobotka,Slovakia,411.0,4,243.0,0.9465020576131687,239.0,26.0,31.0,29.0,0.9310344827586207,4.43110010798636,0.14903846153846154,0.7111577319538201,0.5294425381189622,0.1817151938348578,196.0,0.061224489795918366,0.5714285714285714,0.1836734693877551,5.727167540613502,17.0,0.7058823529411765,1.0,0.021908578,0.0,53.211678832116796,5.693430656934307,6.788321167883212,0.15572797050083653,0.11593632221583115,0.03979164828500535,42.919708029197075,3.722627737226277,0.21897810218978103,0.0047974988321167885
5660,Piotr Zieliński,Piotr Zieliński,Poland,259.35,3,149.0,0.8322147651006712,132.0,14.0,19.0,22.0,0.7272727272727273,4.319107384600384,0.1782178217821782,0.8652337053614182,0.5163835098509799,0.3488501955104382,132.0,0.08333333333333333,0.5909090909090909,0.15151515151515152,5.765737482710388,27.0,0.5185185185185185,8.0,0.376505434,0.0,51.7061885482938,4.8582995951417,6.593406593406592,0.3002546114614522,0.17919612834620469,0.12105848311524749,45.80682475419317,9.369577790630421,2.7761711972238285,0.13065544268363216
12407,Maximilian Mittelstädt,Maximilian Mittelstädt,Germany,318.45,4,221.0,0.8416289592760181,199.0,23.0,23.0,29.0,0.896551724137931,4.939496230838598,0.14965986394557823,1.5231607387670734,1.1956482034231746,0.327512535343899,163.0,0.018404907975460124,0.7791411042944786,0.26993865030674846,7.8111501178351315,68.0,0.7794117647058824,5.0,0.145366151,0.0,62.45878473857749,6.500235515779558,6.500235515779558,0.430474066538033,0.33791282244649307,0.09256124409154,46.06688648139425,19.218087611869997,1.413094677343382,0.04108322684879887
6318,Andrija Živković,Andrija Živković,Serbia,249.7,3,144.0,0.8125,122.0,19.0,18.0,16.0,0.9375,4.6415800259921225,0.18072289156626506,1.5197608295318557,1.0951203081538168,0.4246405213780389,107.0,0.04672897196261682,0.719626168224299,0.2523364485981308,7.008227188840686,41.0,0.7560975609756098,,,,51.902282739287145,6.848217861433721,6.487785342410893,0.5477712241003886,0.39471697130093514,0.15305425279945337,38.56627953544253,14.777733279935923,,
21209,Dominik Szoboszlai,Dominik Szoboszlai,Hungary,293.0,3,156.0,0.7371794871794872,115.0,20.0,21.0,38.0,0.7368421052631579,5.687069731648794,0.16049382716049382,0.9480202851881656,0.6147737690620423,0.3332465161261233,119.0,0.09243697478991597,0.5966386554621849,0.2605042016806723,6.661129317873027,30.0,0.6333333333333333,6.0,0.219601038,0.0,47.918088737201366,6.143344709897611,6.450511945392491,0.2912007701943171,0.18883835909755564,0.10236241109676142,36.55290102389078,9.215017064846416,1.8430034129692832,0.0674542437542662
11396,Florian Grillitsch,Florian Grillitsch,Austria,199.2,4,163.0,0.8588957055214724,155.0,26.0,14.0,34.0,0.8823529411764706,4.11353387354615,0.10833333333333334,0.8289876494280944,0.6605132546821207,0.16847439474597353,137.0,0.051094890510948905,0.6861313868613139,0.20437956204379562,6.990547592328623,36.0,0.7222222222222222,5.0,0.19637034,0.0,73.64457831325302,11.74698795180723,6.325301204819277,0.3745426126934162,0.29842466325999434,0.07611794943342177,61.897590361445786,16.265060240963855,2.2590361445783134,0.08872153915662652
24547,Alexander Hartmann Bah,Alexander Bah,Denmark,289.85,4,165.0,0.7878787878787878,144.0,24.0,20.0,33.0,0.6666666666666666,4.624918727194907,0.1782178217821782,0.7693272136938593,0.6081038258857134,0.1612233878081458,124.0,0.056451612903225805,0.75,0.3951612903225806,8.202102592303154,38.0,0.7631578947368421,2.0,0.24125124,0.0,51.23339658444022,7.452130412282214,6.210108676901846,0.23888028025684777,0.1888195422795039,0.05006073797734387,38.50267379679144,11.799206486113507,0.6210108676901845,0.07490982094186648
24778,Eduardo Camavinga,Eduardo Camavinga,France,188.71666666666667,4,87.0,0.9080459770114943,86.0,18.0,13.0,15.0,0.8,4.421508751874256,0.17105263157894737,0.6683300851695273,0.44055569742684253,0.22777438774268477,79.0,0.05063291139240506,0.7341772151898734,0.25316455696202533,7.306841482541426,21.0,0.6666666666666666,2.0,0.257998171,0.0,41.490770997085576,8.584297447672878,6.199770378874856,0.318730235795765,0.2101033971654994,0.10862683863026562,37.675527687008746,10.015013688951692,0.9538108275192086,0.12304072448997615
16298,Denis Vavro,Denis Vavro,Slovakia,410.4666666666667,4,263.0,0.8022813688212928,249.0,26.0,28.0,17.0,0.35294117647058826,7.7613769950815295,0.16279069767441862,0.6027589184786873,0.5116956638688224,0.09106325460986495,182.0,0.005494505494505495,0.9340659340659341,0.6098901098901099,11.511610284225986,15.0,0.7333333333333333,3.0,0.0545582354,0.0,57.66607113854149,5.700828325483189,6.139353581289589,0.13216250445772745,0.1121957359465503,0.01996676851117714,39.90579827838233,3.288939418547994,0.6577878837095988,0.011962582067565371
11268,Attila Fiola,Attila Fiola,Hungary,191.0,2,68.0,0.7794117647058824,64.0,5.0,13.0,8.0,0.625,7.310683926139915,0.2926829268292683,0.12287178270911688,0.08857225516625401,0.034299527542862834,44.0,0.022727272727272728,0.7954545454545454,0.5,10.570689755653873,4.0,0.75,,,,32.04188481675393,2.356020942408377,6.125654450261781,0.05789769865874617,0.0417356176176066,0.016162081041139555,20.732984293193716,1.8848167539267018,,
11821,Stefan Posch,Stefan Posch,Austria,387.0,4,210.0,0.7619047619047619,165.0,26.0,26.0,30.0,0.7,5.255933367829082,0.22,1.800424433465435,1.3526831142567113,0.44774131920872356,146.0,0.04794520547945205,0.8356164383561644,0.4315068493150685,8.894130030537438,62.0,0.8064516129032258,7.0,0.339010738,0.0,48.837209302325576,6.046511627906977,6.046511627906977,0.41870335661986857,0.31457746843179335,0.10412588818807525,33.95348837209302,14.41860465116279,1.6279069767441858,0.0788397065116279
4445,Jules Koundé,Jules Koundé,France,608.0,6,400.0,0.8375,330.0,51.0,40.0,38.0,0.6052631578947368,5.985969529848248,0.13333333333333333,2.1702204676142443,1.8154174103971772,0.35480305721706695,240.0,0.029166666666666667,0.8291666666666667,0.44583333333333336,9.231451812883336,93.0,0.7634408602150538,2.0,0.85425118,1.0,59.21052631578948,7.5493421052631575,5.921052631578947,0.3212497402718454,0.2687295508811611,0.05252018939068425,35.526315789473685,13.766447368421051,0.29605263157894735,0.12645165493421054
8815,Jannik Vestergaard,Jannik Vestergaard,Denmark,380.0,4,266.0,0.924812030075188,253.0,16.0,25.0,22.0,0.7272727272727273,6.355702207125108,0.09895833333333333,0.4339899742504913,0.33666783342197826,0.09732214082851301,183.0,0.01639344262295082,0.9453551912568307,0.5846994535519126,10.92089348245252,12.0,0.4166666666666667,4.0,0.223563634,0.0,62.99999999999999,3.789473684210526,5.921052631578947,0.10278709916459006,0.07973711844204748,0.023049980722542555,43.3421052631579,2.8421052631578947,0.9473684210526315,0.05294928173684211
3575,Oleksandr Zinchenko,Oleksandr Zinchenko,Ukraine,228.15,3,158.0,0.8607594936708861,143.0,16.0,15.0,18.0,0.6666666666666666,4.803067367324309,0.12389380530973451,0.5268551878080406,0.4536759237584341,0.07317926404960665,113.0,0.04424778761061947,0.7876106194690266,0.30973451327433627,7.995642892696435,23.0,0.6086956521739131,1.0,0.0076609575,0.0,62.32741617357002,6.31163708086785,5.9171597633136095,0.2078324212260515,0.17896486144316925,0.0288675597828823,44.57593688362919,9.072978303747535,0.39447731755424065,0.003022073964497041
8181,Nicolò Barella,Nicolò Barella,Italy,350.56666666666666,4,267.0,0.9101123595505618,261.0,24.0,23.0,23.0,0.9565217391304348,4.63102947029347,0.10697674418604651,0.987753697252779,0.8075813026065026,0.18017239464627632,248.0,0.056451612903225805,0.6653225806451613,0.2217741935483871,6.589524282336836,52.0,0.6923076923076923,1.0,0.0846303,1.0,68.54616335456879,6.161452885803937,5.904725682228772,0.2535832445167351,0.20732808947775574,0.046255155038979374,63.66834648664067,13.349814585908529,0.25672720357516404,0.021726900256727206
30179,Ivan Ilić,Ivan Ilić,Serbia,213.98333333333335,3,152.0,0.9276315789473685,147.0,14.0,14.0,10.0,0.7,5.272565038085158,0.11403508771929824,0.5686502866322437,0.4657867150553435,0.10286357157690015,102.0,0.049019607843137254,0.6764705882352942,0.2549019607843137,7.360065868498035,17.0,0.5294117647058824,2.0,0.05077399,0.0,63.93021263338265,5.888309058337876,5.888309058337876,0.23917061670021933,0.19590686667955876,0.04326375002066055,42.9005374250331,7.150089570838849,0.8411870083339823,0.021355210374639767
3655,Andrew Robertson,Andrew Robertson,Scotland,276.2166666666667,3,122.0,0.7622950819672131,89.0,17.0,18.0,25.0,0.6,5.60261145419491,0.1935483870967742,0.5442481151350469,0.41560326277071136,0.12864485236433562,80.0,0.075,0.675,0.3125,6.8719922931771205,20.0,0.45,,,,39.75140288420925,5.539129910094731,5.864961081276775,0.17733300076807174,0.13541649785565926,0.041916502912412494,26.066493694563444,6.516623423640861,,
7039,Hakan Çalhanoğlu,Hakan Çalhanoğlu,Turkey,369.31666666666666,4,258.0,0.8875968992248062,234.0,30.0,24.0,25.0,1.0,5.353181210607029,0.11055276381909548,0.7687558385810271,0.5060637666165737,0.2626920719644533,215.0,0.05116279069767442,0.6930232558139535,0.26976744186046514,6.9055518777402725,59.0,0.6271186440677966,10.0,0.270496485,1.0,62.872873324608506,7.310799223791688,5.84863937903335,0.18734065293278335,0.12332435307231816,0.06401629986046518,52.39406110384043,14.377905140123652,2.436933074597229,0.06591818308587932
8509,Willi Orban,Willi Orban,Hungary,293.0,3,131.0,0.8549618320610687,126.0,7.0,19.0,27.0,0.8148148148148148,5.996197948897522,0.2,0.3073030367672877,0.2977845083600522,0.009518528407235542,76.0,0.07894736842105263,0.8289473684210527,0.5657894736842105,11.523493741898786,13.0,0.46153846153846156,3.0,0.56790707,0.0,40.23890784982935,2.150170648464164,5.83617747440273,0.0943934242629894,0.09146964420615937,0.0029237800568300302,23.34470989761092,3.993174061433447,0.9215017064846416,0.1744424447098976
8221,Jonathan Tah,Jonathan Tah,Germany,327.31666666666666,4,277.0,0.9494584837545126,270.0,16.0,21.0,21.0,0.8095238095238095,7.0948032042499,0.07547169811320754,0.5514778798735458,0.4414770289612846,0.11000085091226122,208.0,0.014423076923076924,0.9423076923076923,0.5336538461538461,10.265668279995875,18.0,0.8333333333333334,1.0,0.021546038,0.0,76.16477417383777,4.399409338561027,5.774224756861348,0.15163605842034458,0.12138988524827826,0.030246173172066328,57.19232140129335,4.949335505881155,0.27496308366006417,0.005924365049136921
16570,Vladimír Coufal,Vladimír Coufal,Czech Republic,287.6166666666667,3,150.0,0.7066666666666667,109.0,26.0,18.0,23.0,0.5217391304347826,7.395361048437912,0.24193548387096775,1.2652998810613425,0.9488142490939405,0.31648563196740204,71.0,0.056338028169014086,0.7605633802816901,0.2535211267605634,6.986418394596718,25.0,0.48,,,,46.93747464796894,8.135828938981284,5.632496957756272,0.3959332072626325,0.2968996317498568,0.09903357551277574,22.217071333371965,7.822912441328157,,
39545,Alexander Prass,Alexander Prass,Austria,191.9,4,92.0,0.782608695652174,75.0,15.0,12.0,12.0,0.6666666666666666,5.422413327797186,0.2558139534883721,0.6850749208503681,0.5825601761724641,0.102514744677904,55.0,0.07272727272727272,0.7272727272727273,0.3090909090909091,8.315766034970183,18.0,0.6666666666666666,,,,43.14747264200104,7.03491401771756,5.6279312141740485,0.32129621092513355,0.273217383301312,0.048078827623821575,25.794684731631058,8.441896821261073,,
7787,Stefan de Vrij,Stefan de Vrij,Netherlands,577.0,6,416.0,0.9230769230769231,402.0,45.0,36.0,41.0,0.6829268292682927,7.134387806316151,0.10069444444444445,0.9921315940090641,0.7631035995428799,0.22902799446618421,280.0,0.02857142857142857,0.9285714285714286,0.6428571428571429,11.619067589891895,16.0,0.5,4.0,0.275397195,1.0,64.88734835355287,7.019064124783362,5.6152512998266895,0.15475189507940343,0.11902829108987727,0.035723603989526134,43.67417677642981,2.4956672443674175,0.6239168110918544,0.042956234922010395
22379,Angus Gunn,Angus Gunn,Scotland,290.0,3,115.0,0.6,78.0,1.0,18.0,21.0,0.42857142857142855,14.126558851414051,0.3333333333333333,0.11025805592625255,0.1068547232713981,0.003403332654854465,16.0,0.0,1.0,0.625,13.565888910115232,0.0,,,,,35.689655172413794,0.3103448275862069,5.586206896551724,0.03421801735642321,0.033161810670433896,0.0010562066859893166,4.9655172413793105,0.0,,
16016,Michel Aebischer,Michel Aebischer,Switzerland,560.2333333333333,5,248.0,0.8951612903225806,215.0,39.0,34.0,35.0,0.8571428571428571,4.240663147162834,0.17714285714285713,1.3433864429708307,1.1332975915859942,0.21008885138483618,200.0,0.07,0.66,0.205,6.3785129847125885,87.0,0.6666666666666666,2.0,0.09044269599999999,1.0,39.84054263104659,6.265246623430714,5.462009876837032,0.21581147117398955,0.18206125407759768,0.03375021709639184,32.12946986374725,13.976319390730051,0.32129469863747245,0.014529379377640267
8621,Morten Hjulmand,Morten Hjulmand,Denmark,247.2,3,215.0,0.8930232558139535,213.0,16.0,15.0,29.0,0.8275862068965517,4.229308001036534,0.08620689655172414,0.5655729393253476,0.4419888308172848,0.12358410850806278,186.0,0.08064516129032258,0.5483870967741935,0.11827956989247312,5.314613461404131,42.0,0.5714285714285714,5.0,0.14379329600000001,1.0,78.27669902912622,5.825242718446603,5.461165048543689,0.20591247790971393,0.16091826364706974,0.044994214262644217,67.71844660194175,15.29126213592233,1.8203883495145634,0.052351928155339816
50436,Fabian Rieder,Fabian Rieder,Switzerland,231.13333333333333,5,89.0,0.6853932584269663,78.0,13.0,14.0,24.0,0.5833333333333334,4.86295346161764,0.23076923076923078,0.563801592515097,0.2807126337567888,0.2830889587583081,87.0,0.12643678160919541,0.5172413793103449,0.1839080459770115,5.1920829357301175,45.0,0.4888888888888889,1.0,0.008087687,0.0,34.65532160369196,5.062013267955004,5.451398903951543,0.21953624167735244,0.10930546742765068,0.11023077424970174,33.87655033169888,17.522353619844246,0.38938563599653886,0.003149229146235939
264017,Anzor Mekvabishvili,Anzor Mekvabishvili,Georgia,198.16666666666669,3,88.0,0.8409090909090909,87.0,6.0,12.0,8.0,0.75,3.9935839378874514,0.1875,0.4448176551254226,0.32503726770431524,0.11978038742110737,82.0,0.07317073170731707,0.45121951219512196,0.08536585365853659,4.7151759250401994,8.0,0.125,2.0,0.080986834,0.0,39.966358284272495,2.7249789739276697,5.4499579478553395,0.20201979290809774,0.1476199533728597,0.054399839535238,37.241379310344826,3.6333052985702268,0.9083263246425567,0.03678123663582842
48347,Amadou Onana,Amadou Onana,Belgium,381.0,4,236.0,0.9110169491525424,230.0,28.0,23.0,51.0,0.8823529411764706,4.150772775392804,0.12365591397849462,0.7527457235199437,0.569601696510101,0.18314402700984292,183.0,0.0546448087431694,0.6939890710382514,0.1366120218579235,6.537927587777058,37.0,0.6486486486486487,3.0,0.16757777,0.0,55.748031496063,6.6141732283464565,5.433070866141732,0.17781395043778198,0.13455158185277977,0.043262368585002264,43.22834645669291,8.740157480314961,0.7086614173228346,0.0395853
3077,Jan Vertonghen,Jan Vertonghen,Belgium,282.0,3,208.0,0.9326923076923077,205.0,4.0,17.0,15.0,0.7333333333333333,10.273570266469239,0.11450381679389313,0.2235991183528283,0.21174851195348665,0.011850606399341657,127.0,0.015748031496062992,0.952755905511811,0.8267716535433071,13.519280808699879,2.0,0.5,1.0,0.104912855,0.0,66.38297872340425,1.2765957446808511,5.425531914893616,0.07136142075090264,0.06757931232558084,0.0037821084253218053,40.53191489361702,0.6382978723404256,0.3191489361702128,0.03348282606382979
8506,Konrad Laimer,Konrad Laimer,Austria,283.76666666666665,4,128.0,0.8671875,122.0,21.0,17.0,28.0,0.75,3.4035525847347596,0.1717171717171717,0.7297351527460524,0.43117839334867225,0.2985567593973802,113.0,0.07964601769911504,0.6017699115044248,0.1415929203539823,6.368688749401192,37.0,0.5945945945945946,2.0,0.26933327,0.0,40.59673440620228,6.660401738517562,5.39175378832374,0.23144425142891362,0.13675339622241456,0.09469085520649907,35.83930459297545,11.734993539292848,0.6343239750969106,0.08542227522612475
44166,Jakub Piotr Kiwior,Jakub Piotr Kiwior,Poland,285.0,3,150.0,0.8533333333333334,118.0,14.0,17.0,13.0,0.6923076923076923,5.304050213147179,0.14285714285714285,0.4410367982599676,0.334596527496731,0.10644027076323662,96.0,0.041666666666666664,0.8333333333333334,0.34375,7.974359996104738,13.0,0.6923076923076923,2.0,0.079113196,0.0,47.368421052631575,4.421052631578948,5.368421052631579,0.1392747783978845,0.10566206131475715,0.03361271708312735,30.31578947368421,4.105263157894737,0.631578947368421,0.024983114526315787
3009,Kylian Mbappé Lottin,Kylian Mbappé,France,589.8,5,184.0,0.8695652173913043,178.0,36.0,35.0,48.0,0.7916666666666666,3.1998395766633387,0.2537313432835821,3.1984567064252083,1.3528703252448269,1.8455863811803814,225.0,0.14666666666666667,0.52,0.21777777777777776,5.508481604249922,151.0,0.48344370860927155,24.0,2.506847149,1.0,28.077314343845373,5.493387589013225,5.340793489318413,0.48806562152978766,0.20644002928456157,0.2816255922452261,34.33367243133266,23.041709053916584,3.6622583926754833,0.38253008377416076
27719,Strahinja Pavlović,Strahinja Pavlović,Serbia,287.0,3,178.0,0.7584269662921348,173.0,17.0,17.0,16.0,0.5,5.870391776145138,0.14285714285714285,0.5358304040660516,0.30358162295941776,0.23224878110663394,118.0,0.05084745762711865,0.8728813559322034,0.5338983050847458,10.154028749762784,16.0,0.875,,,,55.818815331010455,5.331010452961673,5.331010452961673,0.1680304402994587,0.09519981207786621,0.07283062822159252,37.00348432055749,5.017421602787456,,
31067,Billy Gilmour,Billy Gilmour,Scotland,187.96666666666667,3,109.0,0.8532110091743119,105.0,11.0,11.0,30.0,0.8333333333333334,4.278550060294312,0.125,0.32372008641280153,0.19462215761154053,0.12909792880126097,94.0,0.05319148936170213,0.5319148936170213,0.13829787234042554,5.29327680307453,14.0,0.5,2.0,0.087767288,0.0,52.19010462848023,5.266891292782408,5.266891292782408,0.15499986403875937,0.09318670430061349,0.06181315973814588,45.0079801383224,6.7033161908139745,0.9576165986877105,0.042023705905302355
5469,Marcelo Brozović,Marcelo Brozović,Croatia,240.0,3,188.0,0.9095744680851063,183.0,26.0,14.0,17.0,0.7058823529411765,5.463764744294356,0.08783783783783784,0.6020637023451335,0.4561754287676165,0.145888273577517,153.0,0.0457516339869281,0.7712418300653595,0.35294117647058826,8.041044689983446,28.0,0.8571428571428571,3.0,0.127230722,0.0,70.5,9.75,5.25,0.22577388837942508,0.1710657857878562,0.05470810259156887,57.37499999999999,10.5,1.125,0.04771152075
137487,Žan Karničnik,Žan Karničnik,Slovenia,412.0,4,190.0,0.7842105263157895,159.0,10.0,24.0,31.0,0.6451612903225806,4.988825737466744,0.1875,0.42159396497688906,0.28523068910080096,0.13636327587608815,102.0,0.10784313725490197,0.6862745098039216,0.3431372549019608,6.75257952559827,30.0,0.7333333333333333,3.0,0.3560452973,1.0,41.504854368932044,2.1844660194174756,5.242718446601942,0.09209576904834954,0.06230767480357303,0.029788094244776537,22.281553398058254,6.5533980582524265,0.6553398058252428,0.07777688533252428
5669,Wojciech Szczęsny,Wojciech Szczęsny,Poland,189.0,2,65.0,0.6307692307692307,49.0,0.0,11.0,14.0,0.5,12.9961057513181,0.3333333333333333,0.06610498584506343,0.0633167369756372,0.002788248869426231,21.0,0.0,0.9523809523809523,0.7142857142857143,11.979844285636206,0.0,,,,,30.95238095238095,0.0,5.238095238095238,0.031478564688125446,0.030150827131255806,0.0013277375568696338,10.0,0.0,,
11748,Unai Simón Mendibil,Unai Simón,Spain,604.0,6,246.0,0.7642276422764228,202.0,1.0,35.0,35.0,0.6857142857142857,13.554469935226521,0.1927710843373494,0.12380939576354873,0.11505657365033184,0.008752822113216888,90.0,0.0,0.9888888888888889,0.9111111111111111,15.294739440024255,0.0,,,,,36.65562913907285,0.1490066225165563,5.21523178807947,0.01844841989854203,0.017144191437963353,0.0013042284605786754,13.410596026490067,0.0,,
11514,Giovanni Di Lorenzo,Giovanni Di Lorenzo,Italy,383.5833333333333,4,321.0,0.881619937694704,275.0,33.0,22.0,19.0,0.6842105263157895,5.983515459845003,0.10144927536231885,1.057241772882507,0.8687539654689211,0.18848780741358587,247.0,0.024291497975708502,0.8421052631578947,0.38461538461538464,8.590517074417658,53.0,0.7169811320754716,2.0,0.19114565,0.0,75.31609819682816,7.742776450141212,5.161850966760809,0.24806020306606727,0.20383538620604713,0.044224816860020146,57.95350858135998,12.435368238105585,0.4692591787964371,0.0448484253747556
3669,Virgil van Dijk,Virgil van Dijk,Netherlands,577.0,6,385.0,0.9116883116883117,355.0,28.0,33.0,29.0,0.7241379310344828,7.845197598565417,0.0963855421686747,0.6761875968712182,0.6275020202817418,0.048685576589476455,239.0,0.02510460251046025,0.9456066945606695,0.702928870292887,12.206430137461826,9.0,0.2222222222222222,5.0,0.34669679,0.0,60.05199306759099,4.3674176776429805,5.147313691507799,0.10547120228493873,0.09787726486197013,0.007593937422968598,37.2790294627383,1.4038128249566724,0.779896013864818,0.05407748890814558
16532,Daniel Olmo Carvajal,Daniel Olmo,Spain,474.2833333333333,6,186.0,0.8118279569892473,182.0,32.0,27.0,31.0,0.8064516129032258,3.153748220079905,0.19708029197080293,2.3716635851473065,1.279841732205797,1.0918218529415094,205.0,0.15121951219512195,0.5317073170731708,0.15609756097560976,5.226654000324399,96.0,0.5833333333333334,17.0,1.378102582,3.0,35.29535790842324,6.072319640158837,5.123519696384018,0.45004685524810967,0.2428627527115052,0.2071841025366044,38.90079769476755,18.216958920476507,3.225919808834382,0.2615087304635063
34600,Nicușor Silviu Bancu,Nicusor Bancu,Romania,284.0,3,139.0,0.7482014388489209,109.0,19.0,16.0,9.0,0.4444444444444444,5.698128309636156,0.17142857142857143,0.4279036164875023,0.26145628243299046,0.1664473340545118,72.0,0.013888888888888888,0.8611111111111112,0.375,8.70125893089039,25.0,0.8,,,,44.04929577464789,6.02112676056338,5.070422535211268,0.13560325874603946,0.0828558641512998,0.05274739459473965,22.816901408450704,7.922535211267605,,
39565,Jamal Musiala,Jamal Musiala,Germany,426.96666666666664,5,172.0,0.872093023255814,172.0,26.0,24.0,40.0,0.775,3.062617464231446,0.17266187050359713,2.380776024790822,0.9176832474958648,1.463092777294957,207.0,0.11594202898550725,0.4057971014492754,0.14492753623188406,4.478765553708836,95.0,0.4105263157894737,10.0,0.900964451,3.0,36.25575767038801,5.4805215083144665,5.058942930751815,0.5018420850132891,0.19343779906619057,0.30840428594709846,43.633382777734404,20.024982434225937,2.1078928878132563,0.1899136558435475
5487,Antoine Griezmann,Antoine Griezmann,France,413.7,6,197.0,0.7715736040609137,166.0,29.0,23.0,40.0,0.75,5.146916669991653,0.16923076923076924,1.132328166754914,0.7670004536666901,0.365327713088224,191.0,0.11518324607329843,0.518324607329843,0.19895287958115182,5.094030923849475,100.0,0.57,12.0,1.5193221195,0.0,42.85714285714286,6.30891950688905,5.003625815808557,0.246336802049655,0.16686014220450113,0.07947665984515388,41.55184916606236,21.754894851341554,2.610587382160986,0.3305269295503988
16879,Dávid Hancko,Dávid Hancko,Slovakia,378.73333333333335,4,188.0,0.723404255319149,144.0,24.0,21.0,15.0,0.6666666666666666,4.918210040587431,0.2222222222222222,0.7659833152983859,0.5342125106080116,0.2317708046903743,115.0,0.06956521739130435,0.7217391304347827,0.25217391304347825,7.159743605179287,36.0,0.5,4.0,0.253405061,0.0,44.67523323358564,5.703221263861996,4.990318605879247,0.18202384714888595,0.12694717291336305,0.05507667423552285,27.327935222672064,8.554831895792994,0.9505368773103327,0.06021771384439358
49097,Mario Mitaj,Mario Mitaj,Albania,289.0,3,148.0,0.8851351351351351,115.0,10.0,16.0,14.0,0.8571428571428571,4.374813553312404,0.15730337078651685,0.22045887092631467,0.20037273355720547,0.020086137369109178,96.0,0.020833333333333332,0.8645833333333334,0.2604166666666667,7.442549681605426,10.0,0.8,1.0,0.030680664,0.0,46.08996539792387,3.114186851211073,4.982698961937716,0.06865501170715682,0.0623998132185069,0.0062551984886499165,29.896193771626297,3.114186851211073,0.31141868512110726,0.009554532041522491
15582,Donyell Malen,Donyell Malen,Netherlands,198.9,4,56.0,0.7678571428571429,53.0,11.0,11.0,13.0,0.8461538461538461,3.409584371170873,0.29411764705882354,1.0429212933768781,0.339382582458032,0.703538710918846,75.0,0.2,0.52,0.18666666666666668,5.082734713248413,37.0,0.5675675675675675,6.0,1.509184116,2.0,25.339366515837103,4.97737556561086,4.97737556561086,0.4719100875008498,0.15356677939277463,0.31834330810807515,33.93665158371041,16.742081447963802,2.7149321266968327,0.6828887402714932
42822,András Schäfer,András Schäfer,Hungary,293.0,3,131.0,0.8702290076335878,122.0,12.0,16.0,19.0,0.8947368421052632,5.0105056058761575,0.16853932584269662,0.47646232050256154,0.2690948841462367,0.20736743635632485,96.0,0.11458333333333333,0.5833333333333334,0.21875,5.912359553516296,17.0,0.35294117647058826,2.0,0.06600769399999999,0.0,40.23890784982935,3.6860068259385663,4.914675767918089,0.14635361380624756,0.08265713164901468,0.06369648215723289,29.48805460750853,5.221843003412969,0.6143344709897611,0.02027540088737201
3308,Kieran Trippier,Kieran Trippier,England,458.95,6,353.0,0.886685552407932,305.0,43.0,25.0,36.0,0.8333333333333334,5.94116953795257,0.08597285067873303,1.8078452559045917,1.6520751822201225,0.15577007368446924,237.0,0.04219409282700422,0.8227848101265823,0.37130801687763715,8.39263941888724,91.0,0.7582417582417582,1.0,0.08902558,0.0,69.22322693103824,8.432291099248284,4.902494825144352,0.354518080469361,0.32397160126334246,0.03054647920601859,46.475650942368446,17.84508116352544,0.19609979300577404,0.01745789781021898
39624,Francisco Fernandes Conceição,Francisco Conceição,Portugal,204.23333333333335,4,126.0,0.8095238095238095,125.0,11.0,11.0,11.0,0.8181818181818182,3.4269277564898846,0.12790697674418605,2.0212670858148054,0.9771392163924515,1.0441278694223537,125.0,0.024,0.664,0.208,6.039618299554024,92.0,0.6847826086956522,5.0,0.749735329,1.0,55.52472661987922,4.847396768402154,4.847396768402154,0.8907166854414842,0.43059831634725293,0.4601183690942312,55.08405418638811,40.54186388118165,2.2033621674555244,0.33038769190468414
68574,Nicholas Williams Arthuer,Nico Williams,Spain,504.4,6,219.0,0.8127853881278538,195.0,23.0,27.0,32.0,0.75,4.274099845212067,0.19708029197080293,3.0662841477734712,1.4173520021680677,1.6489321456054036,229.0,0.13973799126637554,0.519650655021834,0.20087336244541484,5.38437883073998,153.0,0.5555555555555556,12.0,0.9485603395,2.0,39.0761300555115,4.103885804916733,4.817605075337035,0.5471165212125544,0.2528978592290367,0.2942186619835177,40.86042823156225,27.29976209357653,2.1411578112609044,0.16925144836439332
6990,Milan Škriniar,Milan Škriniar,Slovakia,411.0,4,284.0,0.9084507042253521,268.0,25.0,22.0,12.0,0.75,7.088582587598131,0.09569377990430622,0.5821205124513275,0.43960026695632043,0.14252024549500703,205.0,0.01951219512195122,0.926829268292683,0.6585365853658537,12.200555787495292,9.0,0.5555555555555556,3.0,0.21946687,0.0,62.189781021897815,5.474452554744525,4.817518248175182,0.12747164506233447,0.09626283218021615,0.03120881288211833,44.89051094890511,1.9708029197080292,0.656934306569343,0.04805843868613138
7979,Przemysław Frankowski,Przemysław Frankowski,Poland,285.0,3,128.0,0.734375,115.0,16.0,15.0,14.0,0.7142857142857143,3.761668497105648,0.1917808219178082,0.7295043419512097,0.4326965742444288,0.2968077677067809,93.0,0.03225806451612903,0.7849462365591398,0.3333333333333333,7.23875439770361,20.0,0.7,,,,40.421052631578945,5.052631578947368,4.7368421052631575,0.23036979219511886,0.1366410234456091,0.09372876874950976,29.36842105263158,6.315789473684211,,
11116,Jack Hendry,Jack Hendry,Scotland,290.0,3,129.0,0.813953488372093,111.0,14.0,15.0,25.0,0.48,6.185226609340053,0.18840579710144928,0.2033802282851521,0.1836183239362357,0.01976190434891638,69.0,0.014492753623188406,0.8840579710144928,0.5217391304347826,10.452291396174095,7.0,0.5714285714285714,1.0,0.066154584,0.0,40.03448275862069,4.344827586206897,4.655172413793103,0.06311800188159893,0.05698499708365935,0.006133004797939566,21.413793103448278,2.1724137931034484,0.3103448275862069,0.020530732965517242
24977,Christoph Baumgartner,Christoph Baumgartner,Austria,309.35,4,108.0,0.7129629629629629,104.0,11.0,16.0,35.0,0.6,2.9247390774616506,0.23529411764705882,1.4076652489733112,0.42840886063743067,0.9792563883358805,157.0,0.1592356687898089,0.5031847133757962,0.27388535031847133,5.078017462489511,69.0,0.5362318840579711,8.0,1.550855346,1.0,31.42072086633263,3.200258606756101,4.654921609827056,0.4095357116780281,0.12463810395141024,0.2848976077266179,45.67641829642799,20.07434944237918,2.327460804913528,0.4511943789882011
41768,Riccardo Calafiori,Riccardo Calafiori,Italy,291.0,3,238.0,0.9243697478991597,233.0,19.0,15.0,28.0,0.7857142857142857,5.861520304049559,0.08426966292134831,0.8470295882345228,0.617835180395469,0.22919440783905368,182.0,0.016483516483516484,0.9065934065934066,0.4945054945054945,9.90022913335028,20.0,0.75,3.0,0.309317306,0.0,73.6082474226804,5.876288659793815,4.639175257731958,0.26196791388696583,0.19108304548313476,0.07088486840383104,56.28865979381443,6.185567010309279,0.9278350515463918,0.09566514618556701
29480,Jakub Moder,Jakub Moder,Poland,195.0,3,117.0,0.8034188034188035,113.0,9.0,10.0,18.0,0.7777777777777778,3.862750344456281,0.10465116279069768,0.2953551482131597,0.19978412628172232,0.09557102193143742,88.0,0.10227272727272728,0.5340909090909091,0.13636363636363635,5.516269204117121,20.0,0.55,4.0,0.504574515,0.0,54.0,4.153846153846154,4.615384615384615,0.13631776071376603,0.09220805828387184,0.0441097024298942,40.61538461538461,9.23076923076923,1.8461538461538463,0.23288054538461536
13315,Philipp Mwene,Philipp Mwene,Austria,195.1,3,109.0,0.8440366972477065,93.0,11.0,10.0,12.0,0.9166666666666666,5.659982710893588,0.12307692307692308,0.6928017673396928,0.48296679679633625,0.20983497054335656,78.0,0.01282051282051282,0.7948717948717948,0.41025641025641024,8.81339159613482,41.0,0.6829268292682927,,,,50.28190671450538,5.074320861096874,4.613018964633522,0.31959076914696233,0.22279349929098036,0.09679726985598201,35.981547924141466,18.913377754997438,,
5544,Ricardo Iván Rodríguez Araya,Ricardo Rodríguez,Switzerland,508.0,5,256.0,0.84375,234.0,30.0,26.0,32.0,0.8125,4.868525619347323,0.12571428571428572,1.4244648908411757,0.9800173673661468,0.4444475234750288,197.0,0.005076142131979695,0.8883248730964467,0.4720812182741117,9.63762705175006,48.0,0.8333333333333334,3.0,0.073504072,0.0,45.354330708661415,5.31496062992126,4.606299212598425,0.25236582711753114,0.17362512413967168,0.07874070297785943,34.90157480314961,8.503937007874015,0.5314960629921259,0.01302237496062992
3205,Kyle Walker,Kyle Walker,England,762.1166666666667,7,562.0,0.8843416370106761,486.0,78.0,39.0,38.0,0.6578947368421053,6.013896250744792,0.08146067415730338,2.006246046977216,1.508841538738903,0.4974045082383128,390.0,0.017948717948717947,0.8948717948717949,0.4282051282051282,9.357558085525849,73.0,0.8356164383561644,,,,66.36779145800074,9.211188138299034,4.605594069149517,0.23692192039007515,0.17818234979749548,0.058739570592579636,46.055940691495174,8.620727360202944,,
33018,Joško Gvardiol,Joško Gvardiol,Croatia,294.0,3,160.0,0.93125,143.0,16.0,15.0,23.0,0.9565217391304348,5.241856679567301,0.1,0.5150395268789625,0.3402533806771897,0.17478614620177282,130.0,0.03076923076923077,0.7307692307692307,0.3384615384615385,7.322047176859694,28.0,0.5714285714285714,2.0,0.068897524,0.0,48.9795918367347,4.8979591836734695,4.591836734693878,0.15766516128947833,0.10415919816648664,0.05350596312299168,39.795918367346935,8.571428571428571,0.6122448979591837,0.021091078775510204
16047,Jaka Bijol,Jaka Bijol,Slovenia,412.0,4,137.0,0.8029197080291971,131.0,10.0,21.0,8.0,0.5,7.406066650200934,0.19718309859154928,0.25609957661881755,0.2415903997538026,0.014509176865014945,68.0,0.04411764705882353,0.9264705882352942,0.8088235294117647,13.493435430741043,7.0,0.2857142857142857,1.0,0.036003575,0.0,29.92718446601942,2.1844660194174756,4.5873786407766985,0.05594408227110092,0.05277460188796658,0.0031694803831343325,14.854368932038836,1.529126213592233,0.21844660194174756,0.007864858616504855
116587,Arda Güler,Arda Güler,Turkey,354.01666666666665,5,194.0,0.845360824742268,169.0,23.0,18.0,27.0,0.8888888888888888,5.350507064229692,0.13533834586466165,1.6220190169795374,1.035299785089971,0.5867192318895663,213.0,0.11737089201877934,0.6525821596244131,0.24882629107981222,5.929226804123115,83.0,0.5301204819277109,9.0,0.3341306975,1.0,49.31971187797185,5.847182336048209,4.576055741255121,0.4123583019485666,0.2631994180822863,0.1491588838662802,54.14999293818559,21.100701473565277,2.2880278706275603,0.08494448314580294
316046,Lamine Yamal Nasraoui Ebana,Lamine Yamal,Spain,518.5,7,204.0,0.7892156862745098,186.0,27.0,26.0,30.0,0.6666666666666666,3.8930383519731415,0.1984732824427481,4.25707896241838,2.1348251550774395,2.12225380734094,223.0,0.06726457399103139,0.6681614349775785,0.17488789237668162,6.326250595469328,145.0,0.7103448275862069,18.0,1.58723324,1.0,35.40983606557377,4.686595949855352,4.513018322082932,0.7389336675364594,0.3705578861272315,0.3683757814092278,38.70781099324976,25.168756027000967,3.124397299903568,0.2755081805207329
25036,Otar Kakabadze,Otar Kakabadze,Georgia,380.7166666666667,4,172.0,0.7267441860465116,136.0,15.0,19.0,26.0,0.5,4.2676542829727975,0.2236842105263158,0.7782085043535302,0.6388450155092222,0.1393634888443079,115.0,0.06086956521739131,0.6347826086956522,0.26956521739130435,6.004592626944725,20.0,0.4,1.0,0.012979693,0.0,40.6601584730552,3.545944052882721,4.491529133651446,0.1839655878610105,0.1510205788972464,0.03294500896376407,27.18557107210086,4.727925403843628,0.2363962701921814,0.003068351013439566
18360,Rafael Alexandre Conceição Leão,Rafael Leão,Portugal,342.26666666666665,4,113.0,0.7699115044247787,111.0,15.0,17.0,17.0,0.7647058823529411,3.284216394775893,0.2463768115942029,2.4245888974278125,0.9095997337553727,1.5149891636724395,130.0,0.1076923076923077,0.5384615384615384,0.2,5.514117886804343,66.0,0.5909090909090909,3.0,0.18213686899999998,0.0,29.713673548889755,3.944292948967667,4.470198675496689,0.6375525928179874,0.2391818544156122,0.398370738402375,34.18387222438645,17.354888975457733,0.7888585897935334,0.04789341120958317
3306,Nathan Aké,Nathan Aké,Netherlands,484.76666666666665,6,271.0,0.9077490774907749,227.0,39.0,24.0,10.0,0.7,5.4957437937898295,0.11627906976744186,0.9349034344764883,0.6785964778079946,0.2563069566684937,181.0,0.022099447513812154,0.8674033149171271,0.425414364640884,9.631991100375027,32.0,0.75,2.0,0.106937035,0.0,50.31286529601871,7.24059685071856,4.455751908134498,0.17357074008708784,0.12598573128526339,0.04758500880182445,33.60379564051434,5.94100254417933,0.37131265901120813,0.019853537406312315
16528,Petar Stojanović,Petar Stojanović,Slovenia,323.3333333333333,4,110.0,0.7181818181818181,104.0,17.0,16.0,30.0,0.6666666666666666,3.083919288813862,0.22950819672131148,1.03503497753703,0.46917052189507613,0.5658644556419539,103.0,0.1553398058252427,0.6310679611650486,0.2815533980582524,6.0909988471837995,35.0,0.5142857142857142,1.0,0.023205703,0.0,30.61855670103093,4.731958762886598,4.453608247422681,0.2881025195206166,0.13059385660996967,0.15750866291064697,28.67010309278351,9.742268041237114,0.27835051546391754,0.006459319391752579
8518,Marcel Sabitzer,Marcel Sabitzer,Austria,387.0,4,172.0,0.6511627906976745,149.0,18.0,19.0,32.0,0.65625,5.406741197909649,0.1935483870967742,1.0713423334602659,0.4293063282934184,0.6420360051668476,161.0,0.13043478260869565,0.6335403726708074,0.2484472049689441,6.266103237641105,85.0,0.6588235294117647,11.0,0.666051352,1.0,40.0,4.186046511627907,4.4186046511627906,0.2491493798744804,0.0998386809984694,0.14931069887601106,37.44186046511628,19.767441860465116,2.558139534883721,0.15489566325581394
16469,Tomáš Holeš,Tomáš Holeš,Czech Republic,285.7166666666667,3,115.0,0.782608695652174,107.0,22.0,14.0,13.0,0.6923076923076923,7.420436704184772,0.1780821917808219,0.786408916539868,0.7023692579255324,0.08403965861433553,77.0,0.0,0.948051948051948,0.6363636363636364,12.85279086558549,8.0,0.875,1.0,0.01932125,0.0,36.224698127515595,6.929942250481245,4.409963250306247,0.24771674440385502,0.22124447254260485,0.026472271861250177,24.254797876684357,2.5199790001749984,0.3149973750218748,0.0060861430321413985
7005,João Pedro Cavaco Cancelo,João Cancelo,Portugal,408.48333333333335,4,256.0,0.8671875,226.0,34.0,20.0,28.0,0.8571428571428571,4.170285678088234,0.1,1.9240853300989722,1.1794335029460012,0.7446518271529708,179.0,0.08379888268156424,0.6927374301675978,0.29608938547486036,7.049103772322107,60.0,0.6,2.0,0.080944458,0.0,56.40377004365743,7.491125708923253,4.406544534660737,0.42392838477842626,0.2598613128201235,0.16406707195830278,39.4385735852136,13.21963360398221,0.4406544534660737,0.017834267950548776
5603,Nikola Milenković,Nikola Milenković,Serbia,287.0,3,229.0,0.9301310043668122,225.0,10.0,14.0,19.0,0.7894736842105263,8.271815892222861,0.06611570247933884,0.24216463327459548,0.16915350683473263,0.07301112643986286,110.0,0.01818181818181818,0.9727272727272728,0.8727272727272727,14.287836494854854,3.0,0.6666666666666666,,,,71.81184668989548,3.1358885017421603,4.390243902439025,0.07594012890144108,0.05304465371124019,0.022895475190200902,34.494773519163765,0.9407665505226481,,
17620,Marc Cucurella Saseta,Marc Cucurella,Spain,575.7833333333333,6,368.0,0.9130434782608695,322.0,48.0,28.0,53.0,0.8113207547169812,5.119569480335923,0.10970464135021098,1.3901800572487002,0.9542874248586728,0.43589263239002746,251.0,0.01593625498007968,0.8087649402390438,0.3665338645418327,8.532361050862459,100.0,0.79,1.0,0.015615603,0.0,57.5216371899152,7.502822242162851,4.37664630792833,0.21729737196118276,0.14916351909679085,0.06813385286439194,39.233507974643246,15.630879671172607,0.15630879671172607,0.0024408561148580197
7789,Thomas Strakosha,Thomas Strakosha,Albania,289.0,3,89.0,0.6741573033707865,57.0,0.0,14.0,7.0,0.14285714285714285,13.921877717264856,0.32142857142857145,0.04828328306197186,0.04503760882533855,0.003245674236633314,30.0,0.0,0.9666666666666667,0.7333333333333333,12.15897631927082,0.0,,,,,27.716262975778548,0.0,4.359861591695502,0.015036316524489507,0.014025552921385707,0.0010107636031038002,9.342560553633218,0.0,,
12293,Kaan Ayhan,Kaan Ayhan,Turkey,373.8333333333333,5,187.0,0.8716577540106952,176.0,19.0,18.0,23.0,0.7391304347826086,5.7990321683041905,0.12949640287769784,0.6742973791432855,0.5141952644542396,0.1601021146890458,136.0,0.014705882352941176,0.7941176470588235,0.3602941176470588,8.614686667291817,27.0,0.4444444444444444,3.0,0.233244381,0.0,45.0200624164066,4.574230940704414,4.333481943825235,0.16233641762700587,0.12379199411738269,0.03854442350962316,32.74186357556844,6.500222915737852,0.7222469906375389,0.0561533507534552
6989,Timothy Castagne,Timothy Castagne,Belgium,375.5333333333333,4,219.0,0.8356164383561644,184.0,15.0,18.0,31.0,0.7096774193548387,5.748607729786687,0.11278195488721804,0.772843509099993,0.40893911729785115,0.36390439180214185,144.0,0.020833333333333332,0.8333333333333334,0.4652777777777778,9.563785900804636,43.0,0.7209302325581395,,,,52.48535416296823,3.59488727143618,4.313864725723416,0.18521901957837575,0.09800600183775947,0.08721301774061628,34.51091780578733,10.305343511450383,,
8546,Niclas Füllkrug,Niclas Füllkrug,Germany,189.01666666666665,5,41.0,0.7317073170731707,39.0,5.0,9.0,15.0,0.5333333333333333,2.319516945687248,0.3333333333333333,0.22801166642761805,0.16026314436338884,0.06774852206422924,69.0,0.34782608695652173,0.2898550724637681,0.2028985507246377,2.6731882278713384,41.0,0.21951219512195122,9.0,0.914627269,2.0,19.522087999294595,2.3807424389383653,4.285336390089058,0.10856741016745769,0.07630905383672515,0.032258356330732554,32.854245657349445,19.522087999294595,4.285336390089058,0.4354983910237193
30714,Jude Bellingham,Jude Bellingham,England,778.6166666666667,7,373.0,0.8471849865951743,366.0,43.0,37.0,59.0,0.7288135593220338,3.807237275095948,0.13167259786476868,2.4089628578859648,1.139055875095785,1.2699069827901794,381.0,0.10236220472440945,0.5643044619422573,0.1732283464566929,5.687525258535496,136.0,0.5,7.0,1.4476536439999999,3.0,43.11492604405249,4.9703534045422435,4.276815720187511,0.2784510870257981,0.1316630289940972,0.14678805803170086,44.03964295652546,15.720187512040585,0.8091272984138536,0.1673337260012415
28242,Florin Constantin Niţă,Florin Nita,Romania,379.0,4,149.0,0.5637583892617449,83.0,0.0,18.0,11.0,0.45454545454545453,18.805835142896157,0.28,0.06392667020307187,0.05723277294549469,0.006693897257577179,27.0,0.0,1.0,0.8518518518518519,15.852304367226264,0.0,,,,,35.382585751978894,0.0,4.274406332453825,0.01518047577381654,0.013590895950117471,0.001589579823699066,6.41160949868074,0.0,,
22212,Orkun Kökçü,Orkun Kökçü,Turkey,235.51666666666665,4,124.0,0.7580645161290323,120.0,11.0,11.0,30.0,0.7666666666666667,3.939275801083435,0.12162162162162163,0.6424553842519531,0.4397524336389464,0.20270295061300672,117.0,0.10256410256410256,0.5042735042735043,0.20512820512820512,5.047278737844928,43.0,0.4883720930232558,6.0,0.7996433857,0.0,47.38518151581629,4.2035241667256384,4.2035241667256384,0.24550697579509922,0.16804636201615672,0.07746061377894249,44.71021159153634,16.431958106291134,2.29283136366853,0.30557457241384195
39460,Nicolas Seiwald,Nicolas Seiwald,Austria,387.0,4,233.0,0.8755364806866953,227.0,19.0,18.0,34.0,0.7941176470588235,5.063669840423421,0.09714285714285714,0.8811168395930057,0.734527774469053,0.14658906512395264,178.0,0.028089887640449437,0.8258426966292135,0.29775280898876405,7.715011914209983,35.0,0.7714285714285715,1.0,0.033934437,0.0,54.18604651162791,4.4186046511627906,4.186046511627907,0.20491089292860598,0.17082041266722164,0.03409048026138434,41.395348837209305,8.13953488372093,0.23255813953488372,0.00789172953488372
9731,Patrick Pentz,Patrick Pentz,Austria,387.0,4,145.0,0.8206896551724138,124.0,1.0,18.0,15.0,0.5333333333333333,13.030593735598327,0.14285714285714285,0.0905580714267567,0.08510443428369308,0.005453637143063638,82.0,0.0,1.0,0.8902439024390244,16.356499904805304,0.0,,,,,33.72093023255814,0.23255813953488372,4.186046511627907,0.02106001661087365,0.01979172890318444,0.001268287707689218,19.069767441860467,0.0,,
49337,Josip Stanišić,Josip Stanišić,Croatia,195.0,2,134.0,0.8208955223880597,118.0,10.0,9.0,19.0,0.631578947368421,4.715477061152719,0.1111111111111111,0.4265057597417259,0.31237824652098184,0.11412751322074402,98.0,0.030612244897959183,0.7755102040816326,0.2653061224489796,7.389787399471983,29.0,0.6896551724137931,1.0,0.22294979,0.0,61.84615384615385,4.615384615384615,4.153846153846154,0.19684881218848888,0.14417457531737624,0.052674236871112626,45.230769230769226,13.384615384615385,0.46153846153846156,0.10289990307692308
10287,İlkay Gündoğan,İlkay Gündoğan,Germany,391.8666666666667,5,168.0,0.8630952380952381,166.0,17.0,18.0,25.0,0.72,4.105217209733066,0.13138686131386862,0.8953303500712485,0.629223239170763,0.26610711090048556,195.0,0.1076923076923077,0.5435897435897435,0.22564102564102564,5.410390881412191,77.0,0.45454545454545453,7.0,0.746024205,1.0,38.58455256890098,3.904389248043552,4.13405920381082,0.20563048189795602,0.14451367350808608,0.061116808389869944,44.785641374617214,17.68458659407962,1.6076896903708744,0.17133934616366112
3943,Declan Rice,Declan Rice,England,723.0,7,534.0,0.9101123595505618,516.0,54.0,33.0,75.0,0.8666666666666667,4.470631334687939,0.07398568019093078,1.8390019057294311,1.3637708193285387,0.4752310864008924,420.0,0.04523809523809524,0.719047619047619,0.20476190476190476,7.020692730511734,91.0,0.6593406593406593,9.0,0.392708456,0.0,66.47302904564316,6.721991701244813,4.1078838174273855,0.22892139905345615,0.16976400240604217,0.05915739664741399,52.282157676348554,11.327800829875518,1.120331950207469,0.04888487004149378
4626,Jan Bednarek,Jan Bednarek,Poland,285.0,3,103.0,0.8737864077669902,85.0,3.0,13.0,8.0,1.0,6.654764078238965,0.16417910447761194,0.12593025835409233,0.10854451790436709,0.017385740449725226,59.0,0.03389830508474576,0.8813559322033898,0.576271186440678,11.172921625838454,2.0,0.5,1.0,0.20368662,0.0,32.526315789473685,0.9473684210526315,4.105263157894737,0.039767450006555474,0.03427721618032645,0.005490233826229019,18.63157894736842,0.631578947368421,0.3157894736842105,0.0643220905263158
15731,Predrag Rajković,Predrag Rajković,Serbia,287.0,3,104.0,0.6923076923076923,80.0,0.0,13.0,24.0,0.3333333333333333,12.049192848443278,0.5714285714285714,0.11690394414176562,0.11343983928050022,0.003464104861265407,11.0,0.0,1.0,0.8181818181818182,12.595666431081419,0.0,,,,,32.613240418118465,0.0,4.076655052264808,0.03665977342424706,0.03557346876391993,0.0010863046603271313,3.449477351916376,0.0,,
6963,Lorenzo Pellegrini,Lorenzo Pellegrini,Italy,221.34999999999997,4,106.0,0.8679245283018868,100.0,10.0,10.0,19.0,0.7894736842105263,3.7344033686002645,0.13157894736842105,0.7764459058819739,0.4901711561907405,0.28627474969123345,101.0,0.13861386138613863,0.5841584158415841,0.2376237623762376,5.616578936858781,42.0,0.5952380952380952,7.0,0.502647864,0.0,43.099164219561786,4.065958888637905,4.065958888637905,0.31569971325673213,0.19930157694676595,0.11639813630996618,41.06618477524283,17.0770273322792,2.846171222046533,0.2043745550485657
2988,Memphis Depay,Memphis Depay,Netherlands,468.81666666666666,6,166.0,0.6746987951807228,126.0,24.0,21.0,35.0,0.5714285714285714,4.230399196470014,0.24358974358974358,1.2920959123123712,0.6609098857948316,0.6311860265175395,196.0,0.2653061224489796,0.37244897959183676,0.23469387755102042,3.628058538783108,110.0,0.42727272727272725,18.0,1.951101066,1.0,31.867467737921718,4.607344733193501,4.031426641544313,0.24804713734888564,0.126876653393014,0.12117048395587164,37.62664865441359,21.11699669380355,3.455508549895126,0.3745581341818052
10826,Mert Müldür,Mert Müldür,Turkey,359.75,4,171.0,0.8011695906432749,146.0,17.0,16.0,10.0,0.5,5.013028657535775,0.15217391304347827,0.9085789642663133,0.520320152587345,0.3882588116789682,114.0,0.03508771929824561,0.7982456140350878,0.38596491228070173,8.678656502102037,37.0,0.7567567567567568,3.0,0.467545667,1.0,42.779708130646284,4.252953439888811,4.002779708130646,0.22730259008747244,0.13017043428175412,0.09713215580571824,28.519805420430853,9.256428075052119,0.7505211952744961,0.11696764428075053
8125,Denzel Dumfries,Denzel Dumfries,Netherlands,475.55,5,273.0,0.8241758241758241,220.0,25.0,21.0,18.0,0.7222222222222222,5.660322027903785,0.09722222222222222,1.2241907819330327,0.9847164684443321,0.23947431348870057,194.0,0.07216494845360824,0.7268041237113402,0.34536082474226804,7.611079282230481,86.0,0.686046511627907,4.0,0.268536959,0.0,51.66649143097466,4.7313636841551885,3.9743454946903585,0.23168367232461978,0.18636206951948248,0.04532160280513732,36.71538218904426,16.27589107349385,0.7570181894648302,0.05082184062664284
5633,Yannick Ferreira Carrasco,Yannick Carrasco,Belgium,226.58333333333331,4,96.0,0.8645833333333334,90.0,9.0,10.0,16.0,0.875,4.192313706760347,0.1388888888888889,1.0398576136721038,0.46272329332339274,0.5771343203487109,81.0,0.04938271604938271,0.8518518518518519,0.4691358024691358,9.53608553336108,29.0,0.7586206896551724,6.0,0.455886174,0.0,38.131666053696215,3.57484369253402,3.972048547260022,0.41303649237435536,0.18379593850285553,0.22924055387149975,32.173593232806176,11.518940787054065,2.3832291283560134,0.181080201515263
6378,Jan Oblak,Jan Oblak,Slovenia,412.0,4,129.0,0.6124031007751938,67.0,0.0,18.0,12.0,0.5833333333333334,16.22882294567167,0.4,0.07246530786338276,0.07132159960182406,0.0011437082615586831,17.0,0.0,1.0,0.8235294117647058,16.747598426262066,0.0,,,,,28.17961165048544,0.0,3.9320388349514563,0.015829800261418565,0.015579961078068362,0.0002498391833501978,3.713592233009709,0.0,,
41092,Nuno Mendes,Nuno Mendes,Portugal,437.3666666666667,4,365.0,0.8876712328767123,324.0,41.0,19.0,34.0,0.6764705882352942,5.907265446513914,0.08260869565217391,1.3944368655480097,0.8505248296944239,0.5439120358535858,278.0,0.04316546762589928,0.8453237410071942,0.42805755395683454,9.382470488350922,53.0,0.6226415094339622,4.0,0.968188972,1.0,75.10860452709397,8.436856946879049,3.909762975382974,0.2869430330751944,0.17501844677806147,0.11192458629713298,57.20600563981403,10.906180931331454,0.8231079948174681,0.19923102083682645
11820,Kevin Danso,Kevin Danso,Austria,230.63333333333333,3,169.0,0.8816568047337278,160.0,28.0,10.0,19.0,0.8421052631578947,6.568861057698841,0.08333333333333333,0.5517190671892739,0.36505576525589406,0.18666330193337982,110.0,0.01818181818181818,0.9363636363636364,0.6454545454545455,11.544836363487432,12.0,0.8333333333333334,1.0,0.037411693,0.0,65.94883653707184,10.926434455846222,3.902298019945079,0.21529722234586493,0.1424556389927611,0.07284158335310384,42.925278219395864,4.682757623934095,0.39022980199450785,0.014599157551669318
37274,Bart Verbruggen,Bart Verbruggen,Netherlands,577.0,6,210.0,0.8476190476190476,182.0,0.0,25.0,22.0,0.8636363636363636,12.655469397795624,0.1724137931034483,0.15350948348090798,0.1473991634532577,0.006110320027650294,95.0,0.0,0.9789473684210527,0.8421052631578947,16.363975118927026,0.0,,,,,32.755632582322356,0.0,3.8994800693240905,0.023944286851441454,0.02299120400484089,0.0009530828466005659,14.818024263431543,0.0,,
16005,Solomon Kverkvelia,Saba Kverkvelia,Georgia,184.8,3,62.0,0.8709677419354839,58.0,4.0,8.0,3.0,0.6666666666666666,6.900985593228415,0.15217391304347827,0.10658620249625919,0.1029281232295826,0.0036580792666765748,44.0,0.022727272727272728,0.9545454545454546,0.7272727272727273,11.916312034305097,2.0,0.5,,,,30.19480519480519,1.948051948051948,3.896103896103896,0.05190886485207428,0.05012733274167983,0.0017815321103944355,21.428571428571427,0.974025974025974,,
50502,Nicola Zalewski,Nicola Zalewski,Poland,256.48333333333335,3,103.0,0.7087378640776699,91.0,15.0,11.0,16.0,0.5625,4.086932983445738,0.21153846153846154,0.7568485944133417,0.36182905425305883,0.3950195401602829,81.0,0.04938271604938271,0.691358024691358,0.2222222222222222,6.450080381654904,32.0,0.75,2.0,0.117812215,0.0,36.142699330690746,5.26349990252778,3.8598999285203712,0.2655781668615274,0.12696581278617958,0.1386123540753478,28.42289947365001,11.228799792059263,0.7017999870037039,0.04134030547793879
5721,Daniel Carvajal Ramos,Daniel Carvajal,Spain,539.55,5,325.0,0.8984615384615384,285.0,44.0,23.0,40.0,0.9,5.118977391683471,0.09174311926605505,1.1838662286136572,0.8583730088847321,0.32549321972892514,233.0,0.03862660944206009,0.8111587982832618,0.4291845493562232,8.871272829714297,75.0,0.7466666666666667,2.0,0.348667312,1.0,54.2118432026689,7.339449541284404,3.8365304420350297,0.19747560110319554,0.1431814860524991,0.054294115050696444,38.86572143452878,12.510425354462054,0.33361134278565474,0.05815968507089242
8068,Maximilian Wöber,Maximilian Wöber,Austria,188.68333333333334,3,120.0,0.8416666666666667,116.0,14.0,8.0,14.0,0.42857142857142855,8.0070954396226,0.09411764705882353,0.6588031477215147,0.5618403056263953,0.09696284209511943,82.0,0.036585365853658534,0.9390243902439024,0.6341463414634146,13.400679018465937,9.0,0.6666666666666666,,,,57.23875982687042,6.677855313134883,3.8159173217913613,0.3142422928801501,0.2679920192900393,0.04625027359011085,39.11315254836145,4.292906987015281,,
30913,Marius Mihai Marin,Marius Marin,Romania,307.95,4,102.0,0.8137254901960784,98.0,11.0,13.0,14.0,0.8571428571428571,4.82387833325821,0.19047619047619047,0.4383549699847363,0.3823528870879686,0.05600208289676771,60.0,0.05,0.7,0.2833333333333333,7.234507908226594,6.0,0.8333333333333334,,,,29.81003409644423,3.2148075986361424,3.7993180711154406,0.12811153530971348,0.11174463334280624,0.016366901966907273,17.535314174378957,1.7535314174378958,,
19316,Roland Sallai,Roland Sallai,Hungary,284.56666666666666,3,80.0,0.7875,76.0,10.0,12.0,19.0,0.7894736842105263,3.236426592967477,0.19298245614035087,1.1256586996356845,0.7130345249662807,0.41262417466940376,103.0,0.21359223300970873,0.5728155339805825,0.23300970873786409,5.7162972875791285,30.0,0.5333333333333333,8.0,0.825049256,0.0,25.301628206629964,3.1627035258287455,3.7952442309944945,0.35601247382175805,0.22551168061484808,0.13050079320690994,32.57584631603608,9.488110577486236,2.5301628206629965,0.26093861909335836
8854,Wout Faes,Wout Faes,Belgium,381.0,4,287.0,0.8780487804878049,274.0,10.0,16.0,31.0,0.6129032258064516,7.161702056500974,0.08080808080808081,0.48467708772914475,0.40646121396106716,0.07821587376807762,195.0,0.0,0.9487179487179487,0.6615384615384615,11.9570516760141,4.0,1.0,,,,67.79527559055119,2.3622047244094486,3.779527559055118,0.11449065064467986,0.09601445999080326,0.018476190653876602,46.06299212598425,0.9448818897637795,,
45863,Oleksandr Tymchyk,Oleksandr Tymchyk,Ukraine,214.41666666666669,3,81.0,0.8148148148148148,57.0,8.0,9.0,4.0,0.75,5.414551568928031,0.18421052631578946,0.4823643376220414,0.23555372007814396,0.24681061754389738,42.0,0.0,0.8333333333333334,0.5476190476190477,10.5625537978201,12.0,0.75,,,,33.99922269724057,3.357947920715118,3.7776914108045077,0.20246929056813237,0.09887214056913932,0.10359714999899305,17.62922658375437,5.0369218810726775,,
4870,Tomáš Souček,Tomáš Souček,Czech Republic,288.0,3,88.0,0.8068181818181818,87.0,15.0,12.0,24.0,0.625,3.4520754424013065,0.19047619047619047,0.6474430607959557,0.5773503115251736,0.07009274927078205,87.0,0.1839080459770115,0.5172413793103449,0.27586206896551724,5.8118437468250415,41.0,0.5365853658536586,2.0,0.18532444,1.0,27.500000000000004,4.6875,3.75,0.20232595649873616,0.18042197235161672,0.021903984147119387,27.1875,12.8125,0.625,0.057913887500000004
30438,Ferdi Erenay Kadıoğlu,Ferdi Kadioglu,Turkey,483.0,5,283.0,0.8480565371024735,247.0,24.0,20.0,36.0,0.75,4.84039289547897,0.10112359550561797,1.6798175697109472,0.758323563012652,0.9214940066982952,203.0,0.029556650246305417,0.8029556650246306,0.37438423645320196,8.559049437489419,66.0,0.8333333333333334,2.0,0.055177824,0.0,52.73291925465839,4.472049689440993,3.7267080745341614,0.3130094850393069,0.14130252726943826,0.17170695776986866,37.826086956521735,12.298136645962733,0.3726708074534162,0.010281582111801243
3959,Andreas Christensen,Andreas Christensen,Denmark,364.6166666666667,4,234.0,0.9444444444444444,231.0,6.0,15.0,16.0,0.9375,6.656786149724733,0.0872093023255814,0.31816479889918203,0.2545560641090331,0.06360873479014896,172.0,0.023255813953488372,0.9244186046511628,0.5813953488372093,10.594546169227051,7.0,0.2857142857142857,4.0,0.365861797,0.0,57.75929057914705,1.48100745074736,3.7025186268684003,0.07853407295587068,0.06283323792973346,0.015700835026137238,42.45554692142433,1.7278420258719205,0.9873383004982402,0.09030734121680303
8519,Dayotchanculle Upamecano,Dayotchanculle Upamecano,France,608.0,6,363.0,0.9228650137741047,346.0,34.0,25.0,38.0,0.7894736842105263,7.164304296136667,0.08333333333333333,0.7044953695435882,0.5657299189930487,0.13876545055053946,258.0,0.031007751937984496,0.9224806201550387,0.6705426356589147,11.726282725602694,17.0,0.5294117647058824,3.0,0.227569786,0.0,53.733552631578945,5.032894736842105,3.7006578947368425,0.10428385404428114,0.08374291564041839,0.02054093840386275,38.19078947368421,2.5164473684210527,0.444078947368421,0.033686317006578946
8773,Marin Pongracic,Marin Pongracic,Croatia,195.0,2,125.0,0.904,114.0,4.0,8.0,16.0,0.6875,5.866374858873155,0.0975609756097561,0.12743665333545245,0.09907009775023339,0.028366555585219062,85.0,0.011764705882352941,0.9411764705882353,0.6352941176470588,11.40726577661752,0.0,,,,,57.6923076923077,1.8461538461538463,3.6923076923076925,0.058816916924054975,0.04572466050010772,0.013092256423947258,39.23076923076923,0.0,,
8524,Péter Gulácsi,Péter Gulácsi,Hungary,293.0,3,95.0,0.7789473684210526,68.0,2.0,12.0,8.0,0.75,12.689856905169629,0.13333333333333333,0.10796488487399795,0.10610681067329168,0.0018580742007062727,15.0,0.0,0.9333333333333333,0.9333333333333333,17.66831574413111,0.0,,,,,29.18088737201365,0.6143344709897611,3.6860068259385663,0.033163275217269,0.032592535701693695,0.0005707395155753056,4.607508532423208,0.0,,
15896,Timi Elšnik,Timi Elšnik,Slovenia,416.35,4,117.0,0.7521367521367521,115.0,21.0,17.0,21.0,0.8095238095238095,3.82881911517035,0.21518987341772153,0.9798436582399572,0.6333424381163236,0.34650122012363355,79.0,0.08860759493670886,0.6329113924050633,0.26582278481012656,6.959861602785196,15.0,0.2,3.0,0.215370969,0.0,25.29122132820944,4.5394499819863094,3.674792842560346,0.21180720365460823,0.13690601520468146,0.07490118844992678,17.076978503662783,3.2424642728473634,0.6484928545694728,0.04655551149273447
16344,Răzvan Gabriel Marin,Răzvan Marin,Romania,369.4166666666667,4,110.0,0.8090909090909091,104.0,18.0,15.0,16.0,0.8125,4.4786226449823445,0.1625,0.4515373797045066,0.2945392870956347,0.15699809260887185,99.0,0.050505050505050504,0.6060606060606061,0.30303030303030304,6.497363838275102,28.0,0.5714285714285714,6.0,0.890264766,2.0,26.799007444168733,4.385292127227611,3.654410106023009,0.11000685090928651,0.07175782315887333,0.038249027750413174,24.11910669975186,6.821565531242951,1.4617640424092038,0.21689283719377397
21261,Jonas Older Wind,Jonas Wind,Denmark,199.51666666666665,4,77.0,0.8311688311688312,77.0,3.0,8.0,18.0,0.7777777777777778,3.283026956486158,0.12903225806451613,0.37083985793067614,0.2556948538377396,0.11514500409293657,106.0,0.19811320754716982,0.4811320754716981,0.22641509433962265,4.408671940931903,48.0,0.5,5.0,0.38297791000000003,0.0,34.73394035586,1.3532704034750649,3.608721075933506,0.1672822013888273,0.11534142600649852,0.051940775382328754,47.81555425611896,21.652326455601038,2.2554506724584416,0.1727575569292457
8966,Kai Havertz,Kai Havertz,Germany,400.26666666666665,5,113.0,0.8407079646017699,106.0,13.0,16.0,41.0,0.7804878048780488,3.004557943533024,0.20253164556962025,1.3053545864169067,0.5125201932659798,0.792834393150927,193.0,0.21243523316062177,0.48186528497409326,0.3005181347150259,4.743197562282488,123.0,0.45528455284552843,19.0,3.778438677,2.0,25.408061292471686,2.923051299133911,3.5976015989340437,0.29350910920433443,0.11524021667372963,0.17826889253060485,43.396069287141906,27.65656229180546,4.272151898734178,0.8495823141155896
133305,Samet Akaydin,Samet Akaydin,Turkey,350.4,4,207.0,0.8985507246376812,196.0,21.0,14.0,18.0,0.7222222222222222,7.766945610910423,0.09032258064516129,0.5342034413824694,0.4785324069897441,0.05567103439272536,153.0,0.013071895424836602,0.9411764705882353,0.7320261437908496,12.869761821139155,5.0,0.6,2.0,0.32092453,1.0,53.16780821917809,5.3938356164383565,3.5958904109589045,0.13720978802631922,0.12291072097339317,0.014299067052926035,39.29794520547945,1.284246575342466,0.5136986301369864,0.08242924571917808
38229,Khvicha Kvaratskhelia,Kvara,Georgia,350.85,4,89.0,0.797752808988764,71.0,16.0,14.0,7.0,0.8571428571428571,5.417271510557531,0.25925925925925924,1.3447142821075182,0.48853256171679954,0.8561817203907187,119.0,0.11764705882352941,0.6218487394957983,0.3025210084033613,6.490773006373972,38.0,0.7368421052631579,6.0,0.5520862197,1.0,22.830269345874303,4.104318084651561,3.591278324070115,0.34494594667144546,0.12531831424971343,0.21962763242173203,30.52586575459598,9.747755451047455,1.539119281744335,0.14162109098760153
31908,Andrei Burcă Andonie,Andrei Burcă Andonie,Romania,379.0,4,148.0,0.7635135135135135,140.0,11.0,15.0,13.0,0.46153846153846156,6.971821606908056,0.1511627906976744,0.21190015254223674,0.14066194226631593,0.0712382102759208,92.0,0.043478260869565216,0.9021739130434783,0.6413043478260869,12.027114067842524,3.0,0.6666666666666666,1.0,0.11149162,0.0,35.145118733509236,2.612137203166227,3.562005277044855,0.05031929743747046,0.03340257204213307,0.016916725395337392,21.846965699208443,0.712401055408971,0.23746701846965698,0.026475582585751976
7655,Lasha Dvali,Lasha Dvali,Georgia,381.0,4,143.0,0.8531468531468531,135.0,7.0,15.0,10.0,0.5,7.767010212681909,0.1262135922330097,0.24369357058155225,0.22524113583656602,0.018452434744986243,95.0,0.021052631578947368,0.9263157894736842,0.6842105263157895,12.002030467005103,7.0,1.0,,,,33.77952755905512,1.6535433070866141,3.543307086614173,0.05756541037359501,0.053206567520448673,0.0043588428531463564,22.440944881889763,1.6535433070866141,,
28211,Erik Janža,Erik Janža,Slovenia,281.28333333333336,3,116.0,0.6724137931034483,86.0,13.0,11.0,10.0,0.7,7.496801602615627,0.12,0.5371831542859447,0.4320817482000576,0.10510140608588707,61.0,0.01639344262295082,0.9180327868852459,0.5737704918032787,11.090329708393675,18.0,0.8888888888888888,3.0,0.055674375,1.0,37.11560111394205,4.159507021390057,3.5195828642531253,0.1718782386172958,0.13824977426558693,0.03362846435170884,19.51768679267642,5.759317414232386,0.9598862357053978,0.017813688748000236
12169,João Maria Lobo Alves Palhinha Gonçalves,João Palhinha,Portugal,358.45000000000005,4,185.0,0.8972972972972973,182.0,29.0,14.0,26.0,0.6923076923076923,5.110336683753154,0.09395973154362416,0.5246419897900347,0.4949658499822795,0.029676139807755218,152.0,0.05263157894736842,0.6973684210526315,0.25,6.691120343455248,26.0,0.38461538461538464,5.0,0.210426322,0.0,46.44999302552657,7.281350258055515,3.5151346073371457,0.13172765819808374,0.12427654205162547,0.007451116146458277,38.16431859394615,6.5281071279118414,1.2554052169061234,0.05283406048263355
6685,Mikel Oyarzabal Ugarte,Mikel Oyarzabal,Spain,232.45,7,67.0,0.8955223880597015,63.0,13.0,9.0,15.0,0.8,3.451050752539568,0.16981132075471697,0.5506180031143048,0.3248585162325597,0.22575948688174508,77.0,0.2077922077922078,0.5064935064935064,0.18181818181818182,5.021490172482025,43.0,0.5348837209302325,6.0,0.5993927379999999,1.0,25.94106259410626,5.033340503334051,3.4846203484620353,0.2131882997646265,0.12577873289279576,0.08740956687183074,29.812862981286298,16.648741664874166,2.323080232308023,0.23207290350613036
28034,Lukáš Provod,Lukáš Provod,Czech Republic,233.7166666666667,3,88.0,0.8181818181818182,82.0,11.0,9.0,22.0,0.6363636363636364,3.3864637663743875,0.12280701754385964,0.42309415612345785,0.20264640767054842,0.2204477484529094,61.0,0.13114754098360656,0.6065573770491803,0.21311475409836064,6.038197256389608,22.0,0.5454545454545454,3.0,0.096972713,1.0,33.88718533837267,4.235898167296583,3.46573486415175,0.16292579641065907,0.07803541335099204,0.08489038305966702,23.489980745917418,8.471796334593167,1.15524495471725,0.03734241247949796
7796,Silvan Widmer,Silvan Widmer,Switzerland,313.2166666666667,4,127.0,0.7874015748031497,89.0,12.0,12.0,15.0,0.6,5.713016135553271,0.12903225806451613,0.34169370279378397,0.2481704350823592,0.09352326771142479,81.0,0.09876543209876543,0.6296296296296297,0.2839506172839506,6.096756656972392,37.0,0.5675675675675675,2.0,0.15993539,0.0,36.49231096684935,3.4480923748204115,3.4480923748204115,0.0981826209272832,0.07130954873861223,0.026873072188670983,23.274623530037776,10.63161815569627,0.5746820624700686,0.0459559998935774
46789,Bendegúz Bolla,Bendegúz Bolla,Hungary,212.43333333333334,3,69.0,0.7391304347826086,58.0,6.0,8.0,12.0,0.5833333333333334,4.639794770270323,0.1891891891891892,0.6041537798518994,0.47816708797418045,0.12598669187771896,57.0,0.10526315789473684,0.7017543859649122,0.2982456140350877,7.1269475926541315,27.0,0.6666666666666666,3.0,0.084661042,0.0,29.232700455044718,2.5419739526125844,3.3892986034834456,0.255957195292661,0.20258138043782944,0.05337581485483151,24.14875254981955,11.438882786756631,1.2709869763062922,0.03586769392750667
8967,Ondrej Duda,Ondrej Duda,Slovakia,325.6166666666667,4,175.0,0.7828571428571428,167.0,18.0,12.0,29.0,0.6551724137931034,4.029686416831148,0.08527131782945736,0.45491330793632306,0.3007720208322926,0.1541412871040304,149.0,0.14093959731543623,0.4899328859060403,0.16778523489932887,4.887605897667149,24.0,0.625,2.0,0.13478563999999998,1.0,48.36975994267288,4.97517530838921,3.3167835389261398,0.12573741428346955,0.08313297397217485,0.042604440311294685,41.18339560833291,6.6335670778522795,0.5527972564876901,0.037254566002968725
3815,Kasper Schmeichel,Kasper Schmeichel,Denmark,380.0,4,113.0,0.8053097345132744,81.0,0.0,14.0,12.0,0.6666666666666666,14.603617417857174,0.058823529411764705,0.04430615357597117,0.041030554783677745,0.0032755987922934203,16.0,0.0,1.0,1.0,17.19022701145396,0.0,,,,,26.76315789473684,0.0,3.31578947368421,0.010493562689045803,0.009717762975081572,0.0007757997139642311,3.789473684210526,0.0,,
3244,John Stones,John Stones,England,762.8666666666667,7,558.0,0.9390681003584229,540.0,45.0,28.0,48.0,0.875,6.641533666267031,0.05454545454545454,0.9008540155197086,0.6755117665525625,0.225342248967146,439.0,0.01366742596810934,0.9612756264236902,0.642369020501139,11.423300172940609,11.0,0.6363636363636364,1.0,0.07156796,0.0,65.83063881849165,5.30892248536223,3.3033295464476096,0.10627920308936525,0.07969421347950358,0.026584989609861668,51.791488246089315,1.2977366075329897,0.11797605523027177,0.008443305601677881
3193,Bernardo Mota Veiga de Carvalho e Silva,Bernardo Silva,Portugal,495.23333333333335,4,266.0,0.8984962406015038,247.0,23.0,18.0,29.0,0.7241379310344828,4.21313859475823,0.09375,1.781946479734223,0.7466716046094998,1.0352748751247232,250.0,0.052,0.7,0.3,7.30606034939531,111.0,0.6486486486486487,9.0,2.312069821,3.0,48.34084943124453,4.179847883152722,3.2711852998586526,0.32383761831341473,0.13569450982335932,0.18814310849005533,45.4331291647035,20.17230934912836,1.6355926499293263,0.4201782672612237
16554,Joakim Mæhle,Joakim Maehle,Denmark,302.9666666666667,4,161.0,0.8136645962732919,140.0,13.0,11.0,14.0,0.8571428571428571,4.950568270928601,0.10638297872340426,1.2220765231595465,0.7676124904385648,0.4544640327209817,126.0,0.05555555555555555,0.7777777777777778,0.3253968253968254,7.870290574346416,48.0,0.75,1.0,0.092478566,0.0,47.827043679172625,3.861810980305864,3.2676862141049616,0.3630329643008885,0.2280287957073523,0.13500416859353617,37.42986027065683,14.258994388821652,0.2970623831004511,0.027471903201672344
6704,Theo Bernard François Hernández,Theo Hernández,France,608.0,6,391.0,0.9130434782608695,355.0,38.0,22.0,28.0,0.8214285714285714,5.965218989871282,0.06513409961685823,1.7626475925412934,1.0128356580798321,0.7498119344614612,300.0,0.056666666666666664,0.8033333333333333,0.41333333333333333,8.975935077958752,126.0,0.753968253968254,5.0,1.026579744,1.0,57.878289473684205,5.625,3.2565789473684212,0.26091822915907303,0.14992633096576463,0.1109918981933084,44.4078947368421,18.651315789473685,0.7401315789473684,0.15196081736842104
22084,Bukayo Saka,Bukayo Saka,England,725.3499999999999,7,267.0,0.8352059925093633,253.0,27.0,26.0,60.0,0.7833333333333333,2.9885934705592656,0.14444444444444443,3.4573796891910558,1.706357233643701,1.7510224555473548,267.0,0.1348314606741573,0.599250936329588,0.2209737827715356,5.938376564670257,146.0,0.7054794520547946,9.0,1.300500741,2.0,33.128834355828225,3.350106844971394,3.2260288136761566,0.4289848652749639,0.21172144623689684,0.21726341903806706,33.128834355828225,18.115392569104575,1.1167022816571313,0.16136357164127665
5550,Yann Sommer,Yann Sommer,Switzerland,508.0,5,168.0,0.8273809523809523,142.0,0.0,18.0,33.0,0.7878787878787878,11.62281948383728,0.14942528735632185,0.045485093052092286,0.04051362047779132,0.004971472574300974,81.0,0.0,0.9753086419753086,0.7530864197530864,15.007972377210576,0.0,,,,,29.763779527559056,0.0,3.188976377952756,0.008058382627339183,0.007177609927167753,0.0008807727001714324,14.350393700787402,0.0,,
5477,Ousmane Dembélé,Ousmane Dembélé,France,369.81666666666666,5,179.0,0.6871508379888268,157.0,15.0,13.0,30.0,0.5666666666666667,5.363067190199764,0.13131313131313133,3.1595255733802845,0.8694348077510627,2.2900907656292215,173.0,0.09248554913294797,0.6473988439306358,0.23699421965317918,6.468925519506566,94.0,0.6914893617021277,9.0,1.2426458046,1.0,43.56212537743927,3.650457433863626,3.1637297760151424,0.7689142411218864,0.21158898381431063,0.5573252573075756,42.10194240389382,22.876199918878722,2.1902744603181756,0.3024150410041011
10919,Juraj Kucka,Juraj Kucka,Slovakia,370.93333333333334,4,125.0,0.76,124.0,12.0,13.0,19.0,0.5263157894736842,3.1320436820303685,0.1511627906976744,0.7501794624210231,0.45787692014742504,0.292302542273598,123.0,0.21951219512195122,0.42276422764227645,0.13008130081300814,4.173255818279827,42.0,0.2619047619047619,8.0,0.4387814075,0.0,30.32890007189073,2.9115744069015097,3.1542056074766354,0.1820169436140153,0.11109522685101074,0.07092171676300454,29.843637670740474,10.190510424155283,1.9410496046010066,0.10646205969176852
7839,Guram Kashia,Guram Kashia,Georgia,381.0,4,118.0,0.8559322033898306,113.0,10.0,13.0,8.0,0.625,8.134478875621012,0.14285714285714285,0.16802647879727278,0.1600255307824586,0.008000948014814192,76.0,0.0,0.8947368421052632,0.7105263157894737,13.357337213703246,5.0,0.8,,,,27.8740157480315,2.3622047244094486,3.0708661417322833,0.039691294204080185,0.03780130648404534,0.0018899877200348485,17.95275590551181,1.1811023622047243,,
3711,Martin Dúbravka,Martin Dúbravka,Slovakia,411.0,4,164.0,0.6585365853658537,120.0,0.0,14.0,21.0,0.47619047619047616,13.380529098882032,0.17857142857142858,0.05868240155169916,0.05159182789299095,0.007090573658708205,73.0,0.0,0.9863013698630136,0.7671232876712328,14.169992882726193,0.0,,,,,35.91240875912409,0.0,3.065693430656934,0.012850160923729745,0.011297480560508968,0.001552680363220775,15.985401459854016,0.0,,
99174,Kobbie Mainoo,Kobbie Mainoo,England,382.23333333333335,6,203.0,0.9064039408866995,195.0,16.0,13.0,28.0,0.8571428571428571,4.110024294738482,0.07926829268292683,1.0579371655668728,0.5523735901822672,0.5055635753846057,186.0,0.08064516129032258,0.532258064516129,0.12903225806451613,5.310240871056742,74.0,0.4594594594594595,5.0,0.25037877799999997,0.0,47.79802912706026,3.767332344989971,3.0609575303043517,0.2491000564254431,0.1300609308007431,0.11903912562470004,43.79523851050841,17.423912095578615,1.177291357809366,0.05895375430365395
31968,Adam Gnezda Čerin,Adam Gnezda Čerin,Slovenia,412.0,4,165.0,0.7878787878787878,143.0,16.0,14.0,29.0,0.6896551724137931,5.686006654426361,0.13592233009708737,0.3857239738691635,0.22177968714876684,0.16394428672039668,120.0,0.09166666666666666,0.6333333333333333,0.3,6.723492157792563,27.0,0.5925925925925926,4.0,0.285952604,0.0,36.043689320388346,3.495145631067961,3.058252427184466,0.0842600913791862,0.04844701903735198,0.03581307234183423,26.213592233009706,5.898058252427185,0.8737864077669902,0.062465374660194174
12255,Federico Dimarco,Federico Dimarco,Italy,235.81666666666666,3,123.0,0.8130081300813008,100.0,10.0,8.0,12.0,0.8333333333333334,5.696767613466925,0.10714285714285714,0.46563864917422976,0.24102667877933326,0.2246119703948965,81.0,0.04938271604938271,0.5679012345679012,0.19753086419753085,6.406187055783369,27.0,0.5185185185185185,2.0,0.025615837000000002,0.0,46.9432468725705,3.816524135981341,3.0532193087850734,0.17771211432191963,0.09198841369767471,0.0857237006242449,30.91384550144887,10.304615167149622,0.7633048271962684,0.00977634601738639
23650,Jeremy Doku,Jérémy Doku,Belgium,324.31666666666666,4,117.0,0.8034188034188035,111.0,12.0,11.0,30.0,0.7333333333333333,3.145058870785187,0.13580246913580246,2.945029555981037,1.1169824559568817,1.8280471000241552,141.0,0.16312056737588654,0.48226950354609927,0.1773049645390071,4.905782092571342,63.0,0.6349206349206349,5.0,0.255422259,0.0,32.46826661185056,3.3300786268564675,3.0525720746184284,0.8172649983194203,0.30996995026297147,0.5072950480564489,39.12842386556349,17.482912790996455,1.3875327611901949,0.07088135045994141
22308,Anthony Ralston,Anthony Ralston,Scotland,270.26666666666665,3,92.0,0.7391304347826086,82.0,10.0,9.0,32.0,0.75,3.630436676022578,0.1568627450980392,0.6425272964690658,0.5353653809474651,0.10716191552160068,80.0,0.125,0.55,0.25,5.335697153053075,24.0,0.5833333333333334,,,,30.636408485446477,3.330044400592008,2.9970399605328075,0.2139644425834334,0.17827904890949134,0.035685393673942016,26.640355204736064,7.992106561420819,,
3468,Jordan Pickford,Jordan Pickford,England,723.0,7,306.0,0.7352941176470589,241.0,2.0,24.0,51.0,0.5686274509803921,14.510498414189762,0.12903225806451613,0.35648571980215804,0.3392089665533247,0.017276753248833307,151.0,0.0,0.9735099337748344,0.9006622516556292,18.951403097295753,0.0,,,,,38.09128630705394,0.24896265560165975,2.987551867219917,0.04437581574300723,0.04222518255850515,0.0021506331845020715,18.796680497925312,0.0,,
10916,Nicolae Claudiu Stanciu,Nicolae Stanciu,Romania,362.9166666666667,4,115.0,0.7391304347826086,103.0,10.0,12.0,16.0,0.5,4.887631736875954,0.17391304347826086,0.9789017766196076,0.8741457611192464,0.10475601550036125,101.0,0.07920792079207921,0.6534653465346535,0.18811881188118812,6.357340037767333,39.0,0.6410256410256411,5.0,0.134753869,1.0,28.51894374282434,2.4799081515499424,2.975889781859931,0.2427586495405686,0.21678011986424478,0.0259785296763238,25.04707233065442,9.671641791044776,1.2399540757749712,0.03341772181859931
20750,Cody Mathès Gakpo,Cody Gakpo,Netherlands,550.6166666666667,6,135.0,0.6962962962962963,129.0,15.0,18.0,24.0,0.5833333333333334,2.9382348784574996,0.23076923076923078,3.002072817077337,1.4708800543132985,1.5311927627640385,159.0,0.16352201257861634,0.5283018867924528,0.2138364779874214,5.458002502881806,113.0,0.6017699115044248,13.0,0.884940704,3.0,22.066168235614615,2.451796470623846,2.942155764748615,0.49069810249773343,0.24041990172509042,0.25027820077264307,25.989042588612765,18.47020007869964,2.1248902745406664,0.14464629965190542
4354,Phil Foden,Phil Foden,England,678.0833333333334,7,373.0,0.8310991957104558,348.0,23.0,22.0,48.0,0.8333333333333334,3.9091684918228693,0.07857142857142857,1.353666609379907,0.6590398270554164,0.6946267823244905,377.0,0.07692307692307693,0.5411140583554377,0.15649867374005305,5.382508933911792,154.0,0.5324675324675324,13.0,0.747026234,0.0,49.507189381836056,3.052722133464422,2.91999508418336,0.17966817477329478,0.0874724116037667,0.09219576316952804,50.038097578960304,20.439965589283517,1.7254516406538034,0.09915058777436402
30401,Ruben Vargas,Ruben Vargas,Switzerland,311.35,5,120.0,0.7333333333333333,106.0,11.0,10.0,22.0,0.7272727272727273,4.7158938725850295,0.14285714285714285,1.1907662131489922,0.44138949997222865,0.7493767131767637,125.0,0.12,0.592,0.208,5.886151714751582,74.0,0.6486486486486487,5.0,0.691367621,1.0,34.68765055403886,3.1797013007868955,2.890637546169905,0.34420735244390327,0.12758970611048845,0.2166176463334149,36.13296932712382,21.3907178416573,1.4453187730849526,0.1998493203468765
24861,Andrei Florin Ratiu,Andrei Ratiu,Romania,373.8,4,124.0,0.8225806451612904,82.0,11.0,12.0,9.0,0.7777777777777778,5.219857461477767,0.13114754098360656,0.6740529813627403,0.16727338715263726,0.506779594210103,66.0,0.07575757575757576,0.6515151515151515,0.3939393939393939,7.849970209921363,18.0,0.6111111111111112,3.0,0.134614533,0.0,29.85553772070626,2.648475120385233,2.889245585874799,0.16229205008733716,0.040274491288756965,0.12201755879858016,15.890850722311395,4.333868378812198,0.7223113964686998,0.03241120377207063
22097,Randal Kolo Muani,Randal Kolo,France,218.39999999999998,5,41.0,0.7317073170731707,39.0,4.0,7.0,16.0,0.625,2.5128402979126974,0.2692307692307692,0.4817169422972896,0.22919470389358992,0.25252223840369975,69.0,0.2463768115942029,0.43478260869565216,0.3333333333333333,4.433962030242509,44.0,0.5,3.0,0.450932204,1.0,16.895604395604398,1.6483516483516485,2.884615384615385,0.1985097289686633,0.09444836698911674,0.10406136197954662,28.434065934065938,18.131868131868135,1.2362637362637363,0.18582371043956047
23646,Giorgi Chakvetadze,Giorgi Chakvetadze,Georgia,249.64999999999998,4,94.0,0.8191489361702128,89.0,7.0,8.0,18.0,0.6111111111111112,4.7499740312114405,0.12121212121212122,0.5184844723240392,0.3284768272062565,0.19000764511778256,94.0,0.13829787234042554,0.5531914893617021,0.20212765957446807,5.515062605353916,15.0,0.4,2.0,0.077960089,0.0,33.88744241938714,2.5235329461245746,2.884037652713799,0.18691609256624686,0.11841744221335104,0.06849865035289578,33.88744241938714,5.407570598838374,0.7210094131784498,0.028104979010614862
5545,Breel-Donald Embolo,Breel Embolo,Switzerland,375.18333333333334,5,48.0,0.8541666666666666,46.0,10.0,12.0,10.0,1.0,2.863296325826359,0.2894736842105263,0.5476539200152075,0.24265161433801452,0.305002305677193,129.0,0.3333333333333333,0.4418604651162791,0.32558139534883723,4.320264124506443,58.0,0.4482758620689655,8.0,1.569691221,2.0,11.514370752076763,2.3988272400159922,2.8785926880191908,0.13137271414340193,0.058207930230788435,0.07316478391261348,30.9448713962063,13.913197992092755,1.9190617920127937,0.3765418059348763
30739,Paweł Dawidowicz,Paweł Dawidowicz,Poland,190.0,2,75.0,0.9733333333333334,70.0,2.0,6.0,7.0,1.0,8.14975744913087,0.10714285714285714,0.06309619490223395,0.05347662834084804,0.0096195665613859,47.0,0.0425531914893617,0.9148936170212766,0.723404255319149,13.357232858106391,2.0,0.5,1.0,0.06839087,0.0,35.526315789473685,0.9473684210526315,2.8421052631578947,0.02988767126947924,0.02533103447724381,0.004556636792235427,22.263157894736842,0.9473684210526315,0.47368421052631576,0.0323956752631579
37330,Anatolii Trubin,Anatoliy Trubin,Ukraine,191.0,2,71.0,0.7746478873239436,52.0,0.0,6.0,7.0,0.5714285714285714,16.0306540111337,0.037037037037037035,0.030726526507590345,0.027680135661038132,0.0030463908465522167,22.0,0.0,0.9545454545454546,0.8181818181818182,18.746320497046497,0.0,,,,,33.455497382198956,0.0,2.827225130890052,0.014478467987869796,0.013042995861222156,0.0014354721266476413,10.366492146596858,0.0,,
17592,William Saliba,William Saliba,France,608.0,6,365.0,0.9561643835616438,338.0,14.0,19.0,29.0,0.896551724137931,8.62122309716413,0.05405405405405406,0.48607299512931185,0.3322202804249159,0.153852714704396,244.0,0.01639344262295082,0.9221311475409836,0.7295081967213115,13.004102163753192,19.0,0.6842105263157895,2.0,0.114125953,0.0,54.02960526315789,2.0723684210526314,2.8125,0.07195159467374682,0.0491773441418461,0.02277425053190072,36.11842105263158,2.8125,0.29605263157894735,0.01689364435855263
12921,Barnabás Varga,Barnabás Varga,Hungary,257.2166666666667,3,51.0,0.5098039215686274,49.0,3.0,8.0,20.0,0.35,2.390038838661252,0.34782608695652173,0.09448071038008986,0.06639827477811516,0.028082435601974695,88.0,0.3977272727272727,0.36363636363636365,0.3068181818181818,2.486785601798221,35.0,0.34285714285714286,4.0,0.938863563,1.0,17.844877859133025,1.0496986975960603,2.7991965269228274,0.033058759544643636,0.02323272751907094,0.009826032025572692,30.7911617961511,12.24648480528737,1.3995982634614137,0.32850795310049885
7031,Elseid Hysaj,Elseid Hysaj,Albania,194.0,2,58.0,0.8103448275862069,48.0,4.0,6.0,4.0,0.5,4.8073870543750665,0.2,0.13795605444409206,0.08464710722962669,0.053308947214465344,35.0,0.0,0.7714285714285715,0.3142857142857143,7.688794301133082,5.0,0.8,2.0,0.097809863,0.0,26.90721649484536,1.8556701030927836,2.783505154639175,0.06400023144313549,0.039269276549826815,0.024730954893308666,16.237113402061855,2.319587628865979,0.9278350515463918,0.045375709639175255
28565,Ianis Hagi,Ianis Hagi,Romania,195.66666666666669,4,63.0,0.6507936507936508,59.0,5.0,6.0,14.0,0.5714285714285714,3.445882218082147,0.16216216216216217,0.4405797536862814,0.1882606767315153,0.2523190769547661,85.0,0.18823529411764706,0.5882352941176471,0.25882352941176473,5.7517358646461165,27.0,0.8518518518518519,2.0,0.049255775,0.0,28.9778534923339,2.299829642248722,2.7597955706984663,0.2026516754604701,0.08659349696338864,0.1160581784970815,39.09710391822828,12.4190800681431,0.9199318568994889,0.02265597827938671
3382,Luke Shaw,Luke Shaw,England,195.7,3,88.0,0.8863636363636364,71.0,8.0,6.0,10.0,0.9,5.6168738180282105,0.09803921568627451,0.35589922582599964,0.23846358478747434,0.11743564103852525,58.0,0.017241379310344827,0.8103448275862069,0.41379310344827586,8.085854534123385,18.0,0.7222222222222222,,,,40.470107307102715,3.6791006642820645,2.7593254982115485,0.16367363476923846,0.10966644164983491,0.05400719311940354,26.673479816044967,8.277976494634645,,
34526,Marc Guehi,Marc Guehi,England,594.6333333333333,6,452.0,0.9336283185840708,434.0,23.0,18.0,47.0,0.851063829787234,7.8802468348226435,0.04285714285714286,0.7099573532343906,0.5917452701633109,0.11821208307107972,332.0,0.015060240963855422,0.9578313253012049,0.6957831325301205,12.261545992685305,15.0,0.6666666666666666,2.0,0.138881305,0.0,68.41190649700096,3.481136835024385,2.7243679578451707,0.10745472581046328,0.08956288073551989,0.017891845074943395,50.24945344469981,2.2703066315376423,0.30270755087168566,0.021020209849206797
89635,Milos Kerkez,Milos Kerkez,Hungary,238.73333333333335,3,79.0,0.6075949367088608,78.0,7.0,7.0,16.0,0.6875,4.154102243372168,0.15555555555555556,0.41287084358462955,0.20031330041226147,0.2125575431723681,60.0,0.1,0.7833333333333333,0.26666666666666666,7.3237364604432,21.0,0.8095238095238095,,,,29.782183747556545,2.6389276738341243,2.6389276738341243,0.15564804212210273,0.07551604455642362,0.08013199756567913,22.619380061435354,7.916783021502373,,
10955,Harry Kane,Harry Kane,England,718.3333333333334,7,104.0,0.6442307692307693,99.0,20.0,21.0,32.0,0.59375,2.432042542063392,0.3684210526315789,0.9156228045786482,0.5198076208951585,0.39581518368348984,183.0,0.30601092896174864,0.46994535519125685,0.3224043715846995,4.392347871525877,96.0,0.5,18.0,3.053848056,3.0,13.03016241299304,2.5058004640371228,2.631090487238979,0.11471840242980744,0.06512670888245606,0.04959169354735139,22.928074245939673,12.027842227378189,2.2552204176334105,0.3826166937911833
24438,Ylber Ramadani,Ylber Ramadani,Albania,274.18333333333334,3,108.0,0.8981481481481481,104.0,9.0,8.0,9.0,0.8888888888888888,5.643577713842775,0.07058823529411765,0.1984749786722046,0.13514138195539402,0.0633335967168106,77.0,0.03896103896103896,0.7012987012987013,0.23376623376623376,6.982176411183232,1.0,0.0,,,,35.4507324782688,2.9542277065223996,2.6259801835754666,0.06514892011609658,0.04435982387448348,0.020789096241613108,25.275059266913864,0.3282475229469333,,
102371,Giorgi Mamardashvili,Giorgi Mamardashvili,Georgia,381.0,4,123.0,0.5447154471544715,60.0,0.0,11.0,6.0,0.5,18.846702371692498,0.23809523809523808,0.02031469543330279,0.017682986473055256,0.002631708960247531,20.0,0.0,1.0,0.6,14.611719720969688,0.0,,,,,29.05511811023622,0.0,2.5984251968503935,0.004798746952748691,0.00417708341883195,0.0006216635339167397,4.724409448818897,0.0,,
2972,Marcus Thuram,Marcus Thuram,France,277.6666666666667,4,56.0,0.8214285714285714,53.0,10.0,8.0,15.0,0.6666666666666666,3.062258088851839,0.21621621621621623,0.6481955527949784,0.24640130897369678,0.4017942438212817,97.0,0.26804123711340205,0.422680412371134,0.29896907216494845,4.2285562138091635,55.0,0.4727272727272727,12.0,1.178653634,0.0,18.15126050420168,3.241296518607443,2.593037214885954,0.21009939886511902,0.07986597049567601,0.13023342836944304,31.440576230492198,17.827130852340936,3.8895558223289313,0.38203659205282114
5460,Andrej Kramarić,Andrej Kramarić,Croatia,244.23333333333335,3,90.0,0.7888888888888889,85.0,8.0,7.0,20.0,0.65,3.2666883503225423,0.11666666666666667,0.9408888153850168,0.4251841909132437,0.5157046244717731,106.0,0.07547169811320754,0.5660377358490566,0.2358490566037736,5.471937390612354,59.0,0.576271186440678,4.0,0.927506312,1.0,33.1650061416678,2.9480005459260266,2.5795004776852735,0.3467175926763403,0.1566804033664198,0.19003718930992047,39.06100723351985,21.741504026204446,1.4740002729630133,0.3417861392657295
56905,Dennis Man,Dennis Man,Romania,279.6666666666667,4,80.0,0.65,72.0,6.0,8.0,13.0,0.46153846153846156,3.7728761383468137,0.1794871794871795,1.1271195237316118,0.43702372669196055,0.6900957970396514,92.0,0.08695652173913043,0.5978260869565217,0.32608695652173914,6.04349597414917,52.0,0.6153846153846154,6.0,0.546897675,0.0,25.744934445768774,1.9308700834326578,2.574493444576877,0.3627202281377058,0.14063933993662617,0.22208088820107968,29.606674612634084,16.734207389749702,1.9308700834326578,0.1759980598927294
48383,Abdülkerim Bardakcı,Abdülkerim Bardakcı,Turkey,385.0,4,216.0,0.8611111111111112,205.0,18.0,11.0,21.0,0.7142857142857143,7.275127850810628,0.07194244604316546,0.8569580691104153,0.7092615611249564,0.14769650798545872,150.0,0.02,0.94,0.68,11.767206822414412,15.0,0.8,2.0,0.22101015400000001,0.0,50.49350649350649,4.207792207792208,2.571428571428571,0.20032786031152566,0.16580140389934045,0.03452645641218515,35.064935064935064,3.5064935064935066,0.4675324675324675,0.05166471132467532
6983,Remo Freuler,Remo Freuler,Switzerland,529.0,5,234.0,0.8846153846153846,222.0,25.0,15.0,26.0,0.7307692307692307,4.114230828017833,0.08287292817679558,0.9842764450183697,0.7593470298097404,0.22492941520862936,187.0,0.09090909090909091,0.6149732620320856,0.2192513368983957,6.218516897559042,53.0,0.5471698113207547,3.0,0.21133549,1.0,39.810964083175804,4.253308128544424,2.551984877126654,0.1674572401732576,0.12918947577103335,0.03826776440222428,31.814744801512287,9.017013232514177,0.5103969754253308,0.03595499829867675
30310,Fehmi Mert Günok,Mert Günok,Turkey,388.0,4,128.0,0.6484375,81.0,0.0,11.0,21.0,0.5238095238095238,14.943086017386543,0.07142857142857142,0.06049630463362283,0.05802801052525127,0.0024682941083715567,42.0,0.0,1.0,0.9285714285714286,16.219016524444825,0.0,,,,,29.690721649484537,0.0,2.551546391752577,0.014032647982025913,0.013460105534207768,0.0005725424478181446,9.742268041237114,0.0,,
41186,Jasir Asani,Jasir Asani,Albania,211.7,3,39.0,0.7435897435897436,39.0,5.0,6.0,6.0,1.0,3.2057376985626593,0.2222222222222222,0.5578906031470585,0.3790777462402605,0.178812856906798,44.0,0.09090909090909091,0.6818181818181818,0.29545454545454547,6.296490737777477,14.0,0.8571428571428571,4.0,0.060059897,0.0,16.580066131317903,2.1256495040151155,2.550779404818139,0.23717597677484775,0.16115728465575554,0.07601869211909221,18.705715635333018,5.951818611242325,1.7005196032120926,0.02553325805384979
5206,Rúben Santos Gato Alves Dias,Rúben Dias,Portugal,495.23333333333335,4,406.0,0.9334975369458128,393.0,31.0,14.0,27.0,0.7407407407407407,7.548336521016545,0.04100946372239748,1.16513306220828,0.8010638092134714,0.36406925299480863,312.0,0.01282051282051282,0.9423076923076923,0.6602564102564102,11.692285340120282,18.0,0.8888888888888888,2.0,0.080547256,0.0,73.7834017634785,5.633708016423235,2.5442552332233963,0.21174256363750127,0.1455793420526602,0.06616322158484104,56.70054519754998,3.2711852998586526,0.3634650333176281,0.014638055542841756
22128,Robin Aime Robert Le Normand,Robin Le Normand,Spain,464.6333333333333,6,351.0,0.9259259259259259,346.0,30.0,13.0,42.0,0.6190476190476191,8.233535866431268,0.04779411764705882,0.6790220539082409,0.5147397769834057,0.1642822769248351,273.0,0.02564102564102564,0.9377289377289377,0.7509157509157509,13.225180284698865,10.0,0.5,3.0,0.295916775,0.0,67.98909534399886,5.8110337900853715,2.518114642370328,0.13152733664913197,0.0997056745717193,0.03182166207741264,52.880407489776886,1.9370112633617906,0.5811033790085373,0.057319412619269684
4269,Aleksandar Mitrović,Aleksandar Mitrović,Serbia,251.41666666666669,3,51.0,0.7647058823529411,45.0,5.0,7.0,18.0,0.6111111111111112,3.072392174632586,0.22580645161290322,0.19078458183176297,0.10734221125614454,0.08344237057561844,102.0,0.2647058823529412,0.4411764705882353,0.28431372549019607,3.8126818439977255,36.0,0.4444444444444444,10.0,1.153837771,0.0,18.25654623798475,1.7898574743122304,2.5058004640371228,0.06829544195502286,0.03842545182520255,0.02986999012982032,36.5130924759695,12.88697381504806,3.579714948624461,0.41304103171362283
28272,Ladislav Krejčí,Ladislav Krejčí,Czech Republic,288.0,3,139.0,0.8345323741007195,126.0,22.0,8.0,14.0,0.5714285714285714,6.537417445636487,0.08791208791208792,0.5042039280331895,0.36197416679787836,0.14222976123531111,90.0,0.06666666666666667,0.8666666666666667,0.6444444444444445,12.283418782728644,20.0,0.6,5.0,0.197434372,0.0,43.4375,6.875000000000001,2.5,0.1575637275103717,0.11311692712433698,0.04444680038603473,28.125,6.25,1.5625,0.06169824125
5570,Manuel Neuer,Manuel Neuer,Germany,505.0,5,143.0,0.8601398601398601,117.0,0.0,14.0,29.0,0.6206896551724138,12.163363796215496,0.08823529411764706,0.052594159702841474,0.04754798577197661,0.0050461739308648714,48.0,0.0,1.0,0.75,14.441285281593625,0.0,,,,,25.48514851485148,0.0,2.495049504950495,0.00937321658070442,0.008473898454411674,0.0008993181262927493,8.554455445544555,0.0,,
3620,Scott McTominay,Scott McTominay,Scotland,290.0,3,60.0,0.7,50.0,5.0,8.0,21.0,0.7619047619047619,4.546997299572438,0.14285714285714285,0.23412051546446022,0.07799432078668528,0.15612619467777494,85.0,0.16470588235294117,0.4823529411764706,0.24705882352941178,4.829237726182252,34.0,0.5294117647058824,4.0,0.24558237100000002,1.0,18.620689655172413,1.5517241379310345,2.4827586206896552,0.07265809100621179,0.024205134037247153,0.048452956968964636,26.379310344827584,10.551724137931034,1.2413793103448276,0.0762152185862069
3053,Leroy Sané,Leroy Sané,Germany,219.45,5,68.0,0.8529411764705882,67.0,6.0,6.0,14.0,0.7857142857142857,3.7841129195191425,0.11320754716981132,1.0036853979605675,0.2353372038572993,0.7683481941032683,93.0,0.06451612903225806,0.5913978494623656,0.21505376344086022,5.9527019869309505,55.0,0.5818181818181818,7.0,0.282124476,0.0,27.8879015721121,2.4606971975393033,2.4606971975393033,0.4116276409954481,0.09651559966806533,0.3151120413273828,38.14080656185919,22.55639097744361,2.870813397129187,0.11570381790840739
16531,Dominik Livaković,Dominik Livaković,Croatia,294.0,3,89.0,0.7415730337078652,69.0,0.0,8.0,16.0,0.375,11.332389726350069,0.25,0.02159694542285081,0.019158497868956906,0.0024384475538939045,41.0,0.0,1.0,0.7804878048780488,14.631927001032286,0.0,,,,,27.244897959183675,0.0,2.4489795918367347,0.006611309823321677,0.00586484628641538,0.0007464635369062974,12.551020408163264,0.0,,
3477,Álvaro Borja Morata Martín,Álvaro Morata,Spain,456.9666666666667,7,112.0,0.7053571428571429,104.0,10.0,12.0,30.0,0.4666666666666667,3.707863631895142,0.18181818181818182,0.8239246596098727,0.4215747326152109,0.40234992699466193,165.0,0.24848484848484848,0.46060606060606063,0.2727272727272727,4.376097959752628,89.0,0.5730337078651685,14.0,1.566969444,1.0,22.058501714202347,1.9695090816252094,2.3634108979502515,0.16227270996766038,0.08302952644693773,0.07924318352072267,32.49689984681596,17.528630826464365,2.7573127142752933,0.30861605505872053
8240,Koen Casteels,Koen Casteels,Belgium,381.0,4,144.0,0.8194444444444444,105.0,0.0,10.0,23.0,0.6521739130434783,14.034371065730623,0.04081632653061224,0.1020102487880766,0.09779448525194394,0.004215763536132669,47.0,0.0,0.9787234042553191,0.9361702127659575,15.901045087036147,0.0,,,,,34.01574803149606,0.0,2.3622047244094486,0.02409690916253778,0.023101059508333216,0.0009958496542045675,11.10236220472441,0.0,,
20016,Kléper Laveran Lima Ferreira,Pepe,Portugal,482.21666666666664,4,403.0,0.9354838709677419,388.0,23.0,12.0,26.0,0.9230769230769231,8.702092627356398,0.03636363636363636,0.542509858945617,0.41982762691928904,0.12268223202632797,317.0,0.012618296529968454,0.9652996845425867,0.7949526813880127,13.135244782723355,9.0,0.5555555555555556,1.0,0.050621446,0.0,75.2151522482978,4.292676182905334,2.2396571389071305,0.10125300654292095,0.0783558284783521,0.022897178064568872,59.16427608613002,1.6797428541803479,0.18663809490892752,0.00944789024297515
9481,Grant Campbell Hanley,Grant Campbell Hanley,Scotland,244.61666666666667,3,137.0,0.8321167883211679,134.0,3.0,6.0,21.0,0.6190476190476191,7.681925767375975,0.05555555555555555,0.10068520190605633,0.0816655482871406,0.019019653618915736,86.0,0.06976744186046512,0.8953488372093024,0.6511627906976745,12.191171291471257,6.0,0.16666666666666666,1.0,0.19868778,0.0,50.405396198133126,1.1037677999591198,2.2075355999182396,0.03704436126542918,0.030046600855117477,0.0069977604103117095,31.641343598828097,2.2075355999182396,0.3679225999863732,0.07310172460312053
38759,Benjamin Šeško,Benjamin Šeško,Slovenia,369.3,4,72.0,0.6388888888888888,72.0,3.0,9.0,28.0,0.39285714285714285,2.641015450256461,0.2,0.5005272241047124,0.17589280251629874,0.3246344215884136,139.0,0.1510791366906475,0.5827338129496403,0.4244604316546763,6.402504378696767,55.0,0.6,8.0,0.8443179869999999,0.0,17.546709991876522,0.7311129163281884,2.1933387489845653,0.12198063950561634,0.042865833269609764,0.07911480623600657,33.8748984565394,13.40373679935012,1.9496344435418358,0.2057639285946385
31193,Denis Mihai Drăguş,Denis Dragus,Romania,292.43333333333334,4,56.0,0.6428571428571429,53.0,5.0,7.0,14.0,0.42857142857142855,2.630594489509105,0.21875,0.631343997903331,0.3171359589457281,0.3142080389576028,100.0,0.26,0.46,0.38,4.746659351466022,46.0,0.5652173913043478,5.0,1.099979179,1.0,17.234697366921235,1.5388122649036817,2.1543371708651544,0.194303977469394,0.09760254065353538,0.0967014368158586,30.776245298073633,14.157072837113873,1.5388122649036817,0.33853229035677646
37148,Josip Šutalo,Josip Šutalo,Croatia,293.56666666666666,3,199.0,0.949748743718593,192.0,8.0,7.0,18.0,0.8333333333333334,7.686360090373776,0.03896103896103896,0.2013523389950395,0.17083571021869398,0.030516628776345523,152.0,0.006578947368421052,0.9210526315789473,0.5986842105263158,11.074728743047507,2.0,0.0,1.0,0.27776286,0.0,61.00828886113319,2.4525945270807314,2.1460202111956397,0.06172945557926725,0.052373840989039834,0.009355614590227424,46.5992960145339,0.6131486317701829,0.30657431588509143,0.08515495878278642
9722,Peter Pekarík,Peter Pekarík,Slovakia,422.6166666666667,4,128.0,0.8671875,96.0,14.0,10.0,12.0,0.6666666666666666,5.3689080615697975,0.0945945945945946,0.7338984206943397,0.5689914350503372,0.16490698564400258,90.0,0.1,0.7777777777777778,0.4222222222222222,9.246122572096926,30.0,0.6333333333333333,3.0,0.5501638480000001,0.0,27.258745119690815,2.9814252474661824,2.129589462475845,0.15629023432383304,0.12117181643222072,0.03511841789161233,19.166305162282605,6.388768387427534,0.6388768387427535,0.11716231333359627
10534,Callum McGregor,Callum McGregor,Scotland,262.78333333333336,3,114.0,0.9385964912280702,108.0,5.0,6.0,31.0,0.7741935483870968,4.241020914842433,0.061224489795918366,0.18054677658997006,0.12221137897238264,0.058335397617587444,95.0,0.10526315789473684,0.5789473684210527,0.12631578947368421,5.668328081147135,16.0,0.25,3.0,0.13985514599999999,0.0,39.043572017504914,1.712437369188812,2.0549248430265745,0.0618350094238497,0.04185586645848076,0.019979142965368946,32.53631001458743,5.479799581404198,1.0274624215132873,0.04789863565675144
8931,Philipp Lienhart,Philipp Lienhart,Austria,219.46666666666667,3,129.0,0.9069767441860465,117.0,15.0,5.0,12.0,0.5833333333333334,7.251250083085834,0.058823529411764705,0.25215622337405585,0.19926578345712437,0.05289043991693152,87.0,0.022988505747126436,0.9080459770114943,0.6781609195402298,11.575413244926807,5.0,0.4,2.0,0.181171116,0.0,52.90097205346294,6.15127582017011,2.050425273390036,0.10340549864974952,0.08171591970447081,0.021689578945278724,35.67739975698663,2.050425273390036,0.8201701093560145,0.0742955670109356
7975,Lukáš Haraslín,Lukáš Haraslín,Slovakia,266.01666666666665,4,68.0,0.7058823529411765,55.0,5.0,6.0,9.0,0.7777777777777778,5.239920251243536,0.11764705882352941,1.006067576987943,0.4310679139090778,0.5749996630788652,86.0,0.20930232558139536,0.4883720930232558,0.3023255813953488,4.860189835247745,46.0,0.45652173913043476,8.0,0.427398136,0.0,23.006077313451538,1.6916233318714367,2.0299479982457242,0.34037747733443346,0.14584090815794876,0.1945365691764847,29.09592130818871,15.562934653217217,2.706597330994299,0.14459933177119227
33234,Georges Mikautadze,Georges Mikautadze,Georgia,357.8,4,72.0,0.7638888888888888,64.0,7.0,8.0,21.0,0.7619047619047619,3.04381723052559,0.18604651162790697,0.6376227846763588,0.23997960131150706,0.3976431833648517,124.0,0.25,0.5080645161290323,0.3225806451612903,5.200591903805584,44.0,0.36363636363636365,6.0,2.025068862,3.0,18.11067635550587,1.760760201229737,2.0122973728339852,0.16038583180791585,0.06036379015661161,0.10002204165130422,31.19060927892677,11.06763555058692,1.5092230296254892,0.5093800938513136
205932,Vanja Drkušić,Vanja Drkušić,Slovenia,412.0,4,103.0,0.7766990291262136,99.0,6.0,9.0,13.0,0.5384615384615384,6.358498885851576,0.09259259259259259,0.39105776327319486,0.32571048712146167,0.06534727615173325,48.0,0.020833333333333332,0.9583333333333334,0.7083333333333334,12.111561720104884,3.0,0.6666666666666666,,,,22.5,1.3106796116504855,1.9660194174757282,0.08542523954996975,0.07115034912847464,0.014274890421495125,10.485436893203884,0.6553398058252428,,
9974,John McGinn,John McGinn,Scotland,231.98333333333332,3,44.0,0.6363636363636364,43.0,5.0,5.0,19.0,0.631578947368421,2.7064686769581656,0.19230769230769232,0.29194048116589644,0.1580682039146991,0.1338722772511973,69.0,0.36231884057971014,0.43478260869565216,0.2898550724637681,3.1389113618628333,32.0,0.46875,,,,17.0701918241253,1.9397945254687838,1.9397945254687838,0.11326090942566569,0.06132396732088334,0.05193694210478235,26.769164451469216,12.414684963000216,,
144127,Volodymyr Brazhko,Volodymyr Brazhko,Ukraine,187.38333333333333,3,85.0,0.8588235294117647,83.0,1.0,4.0,14.0,0.7857142857142857,4.043673061422973,0.05555555555555555,0.06961849665366718,0.037375376580234196,0.03224312007343298,69.0,0.07246376811594203,0.6231884057971014,0.10144927536231885,5.909076526546542,8.0,0.625,2.0,0.043804427,0.0,40.82540247264965,0.4802988526194077,1.9211954104776308,0.03343768406384442,0.017951350487704763,0.015486333576139651,33.14062083073913,3.8423908209552615,0.9605977052388154,0.0210392160277506
39615,Radu Drăgușin,Radu Dragusin,Romania,379.0,4,111.0,0.8288288288288288,98.0,9.0,8.0,5.0,0.8,6.189364905095434,0.1,0.13909601535923968,0.0818856572882446,0.0572103580709951,58.0,0.034482758620689655,0.9137931034482759,0.7068965517241379,11.911101279983024,5.0,0.4,3.0,0.144109235,0.0,26.358839050131927,2.1372031662269126,1.8997361477572559,0.03303071604836826,0.019445142891667582,0.013585573156700684,13.773087071240106,1.187335092348285,0.712401055408971,0.03422119036939314
28032,Ivan Schranz,Ivan Schranz,Slovakia,335.0,4,90.0,0.7666666666666667,89.0,11.0,7.0,15.0,0.8,3.2528223536752647,0.11864406779661017,0.7998829960628886,0.5542023014752022,0.24568069458768643,109.0,0.1651376146788991,0.5596330275229358,0.3486238532110092,6.126991761386606,49.0,0.46938775510204084,5.0,0.8768652259999999,3.0,24.17910447761194,2.955223880597015,1.8805970149253732,0.21489393924077604,0.1488901705455767,0.06600376869519935,29.283582089552237,13.164179104477613,1.3432835820895521,0.23557573235820892
81330,Robin Hranáč,Robin Hranáč,Czech Republic,288.0,3,92.0,0.8695652173913043,85.0,10.0,6.0,10.0,0.8,8.290084219075332,0.0847457627118644,0.3304569413066803,0.28389925109247177,0.04655769021420854,50.0,0.06,0.86,0.74,14.08824104104663,5.0,0.4,2.0,0.33705723,0.0,28.749999999999996,3.125,1.875,0.10326779415833759,0.08871851596639742,0.01454927819194017,15.625,1.5625,0.625,0.10533038437499999
7108,Berat Djimsiti,Berat Djimsiti,Albania,289.0,3,143.0,0.9020979020979021,136.0,6.0,6.0,13.0,0.8461538461538461,6.755948034684812,0.04424778761061947,0.12497603482618067,0.10794920700181117,0.01702682782436949,103.0,0.038834951456310676,0.8543689320388349,0.5242718446601942,10.426308068471089,5.0,0.2,2.0,0.10432687,0.0,44.53287197231834,1.8685121107266436,1.8685121107266436,0.03891987243721889,0.03361740010437026,0.0053024723328486305,32.076124567474054,1.5570934256055364,0.6228373702422145,0.0324893366782007
31089,Jan Mlakar,Jan Mlakar,Slovenia,295.73333333333335,4,65.0,0.5846153846153846,64.0,5.0,6.0,14.0,0.5714285714285714,3.2254297037522095,0.16666666666666666,0.5914879140535791,0.3604551147700179,0.23103279928356135,71.0,0.15492957746478872,0.5352112676056338,0.352112676056338,5.545717472882203,19.0,0.5263157894736842,2.0,0.164805663,0.0,19.781334535617674,1.5216411181244363,1.8259693417493237,0.18000646617951574,0.10969666477446441,0.07030980140505136,21.607303877367,5.782236248872858,0.6086564472497745,0.050155014664111805
151813,Kenan Yildiz,Kenan Yildiz,Turkey,351.85,5,110.0,0.8454545454545455,109.0,7.0,7.0,29.0,0.7931034482758621,3.076470307106973,0.09090909090909091,0.9825281340591738,0.29184870300454646,0.6906794310546273,131.0,0.12213740458015267,0.5114503816793893,0.22900763358778625,5.054661731863955,72.0,0.4444444444444444,11.0,0.5904872879999999,0.0,28.136990194685232,1.7905357396617876,1.7905357396617876,0.2513216770365941,0.07465221904336843,0.17666945799322564,33.5085974136706,18.416939036521246,2.813699019468523,0.15104122756856614
3761,Mike Maignan,Mike Maignan,France,608.0,6,165.0,0.8121212121212121,134.0,0.0,12.0,36.0,0.5833333333333334,11.720316257980615,0.14893617021276595,0.07737144498077526,0.07012837105302942,0.00724307392774584,52.0,0.0,0.9615384615384616,0.6923076923076923,13.251890451401945,0.0,,,,,24.424342105263158,0.0,1.776315789473684,0.011453009947812128,0.010380844399297118,0.0010721655485150092,7.697368421052632,0.0,,
32030,Nedim Bajrami,Nedim Bajrami,Albania,254.86666666666667,3,79.0,0.7721518987341772,74.0,4.0,5.0,13.0,0.5384615384615384,3.9982508612516208,0.09433962264150944,0.5010529140131236,0.08078033440121851,0.420272579611905,82.0,0.14634146341463414,0.5487804878048781,0.2926829268292683,5.5702163619703455,19.0,0.7368421052631579,3.0,0.196308469,1.0,27.896939576249018,1.4125032696834947,1.7656290871043683,0.17693471983199496,0.028525621616961806,0.14840909821503315,28.95631702851164,6.7093905309965995,1.059377452262621,0.06932158858226524
134209,Barış Alper Yılmaz,Barış Alper Yılmaz,Turkey,483.0,5,105.0,0.7714285714285715,95.0,12.0,9.0,23.0,0.6521739130434783,3.1997265194531357,0.16363636363636364,1.9189300463719392,0.8477742701903617,1.0711557761815775,179.0,0.17318435754189945,0.5977653631284916,0.40782122905027934,6.877549372317541,92.0,0.6086956521739131,4.0,0.349410461,0.0,19.565217391304348,2.2360248447204967,1.6770186335403727,0.3575646049140259,0.15797036090503633,0.19959424400898962,33.35403726708074,17.142857142857142,0.7453416149068324,0.06510753931677019
7156,Federico Chiesa,Federico Chiesa,Italy,274.5,4,106.0,0.6509433962264151,103.0,5.0,5.0,19.0,0.5789473684210527,3.4106157332951996,0.09090909090909091,1.2778019428718865,0.5550655622883198,0.7227363805835667,107.0,0.11214953271028037,0.5514018691588785,0.22429906542056074,5.772935805486463,60.0,0.6833333333333333,8.0,0.24805016600000002,0.0,34.75409836065574,1.639344262295082,1.639344262295082,0.41895145667930705,0.18198870894699012,0.23696274773231696,35.08196721311476,19.672131147540984,2.622950819672131,0.08132792327868853
51672,Rasmus Winther Højlund,Rasmus Höjlund,Denmark,287.4666666666667,4,54.0,0.7962962962962963,46.0,4.0,5.0,13.0,0.8461538461538461,3.120113961537727,0.16129032258064516,0.487238079138657,0.09340960370392806,0.39382847543472893,124.0,0.18548387096774194,0.6209677419354839,0.43548387096774194,7.286695622400334,71.0,0.6056338028169014,6.0,1.103985118,0.0,16.906307977736546,1.2523191094619663,1.565398886827458,0.15254438934072054,0.0292446579314246,0.12329973140929593,38.821892393320965,22.228664192949903,1.8784786641929498,0.345635414958256
8291,Arlind Afrim Ajeti,Arlind Afrim Ajeti,Albania,289.0,3,107.0,0.8411214953271028,99.0,5.0,5.0,13.0,0.38461538461538464,7.92223847955316,0.05333333333333334,0.08667764351725227,0.07536914064522093,0.011308502872031348,75.0,0.0,0.9733333333333334,0.6933333333333334,11.920626281179514,0.0,,,,,33.32179930795848,1.5570934256055364,1.5570934256055364,0.02699303777353877,0.023471358678442505,0.003521679095096268,23.356401384083043,0.0,,
3325,Marko Arnautović,Marko Arnautović,Austria,294.15,4,56.0,0.6964285714285714,53.0,5.0,5.0,20.0,0.6,2.7258527068262217,0.16129032258064516,0.2461433408987108,0.13239119649304182,0.11375214440566897,95.0,0.24210526315789474,0.49473684210526314,0.3684210526315789,4.731049197628462,57.0,0.47368421052631576,4.0,1.573697443,1.0,17.134115247322796,1.529831718510964,1.529831718510964,0.07531157804142095,0.040507250329334575,0.03480432771208638,29.06680265170831,17.44008159102499,1.2238653748087711,0.4814984527281999
32975,Diogo Meireles Costa,Diogo Costa,Portugal,538.0,5,154.0,0.9025974025974026,118.0,0.0,9.0,20.0,0.75,14.448323236018409,0.1076923076923077,0.04784493768026276,0.04434498075226806,0.0034999569279947074,66.0,0.0,1.0,0.8333333333333334,19.828131131387103,1.0,1.0,,,,25.762081784386616,0.0,1.5055762081784385,0.008003799983687079,0.0074183053303050655,0.0005854946533820143,11.04089219330855,0.16728624535315983,,
18015,Dušan Vlahović,Dušan Vlahović,Serbia,186.16666666666666,3,30.0,0.5666666666666667,28.0,3.0,3.0,9.0,0.1111111111111111,2.248419252144169,0.21428571428571427,0.10175396593640686,0.004683348124724909,0.09707061781168194,58.0,0.3275862068965517,0.5,0.41379310344827586,5.25804714421966,33.0,0.5757575757575758,6.0,0.27043634699999997,0.0,14.503133393017011,1.4503133393017011,1.4503133393017011,0.04919171137480726,0.002264107419294047,0.0469276039555132,28.039391226499554,15.953446732318712,2.9006266786034023,0.13073914716204116
7036,Gianluigi Donnarumma,Gianluigi Donnarumma,Italy,384.0,4,101.0,0.8415841584158416,79.0,0.0,6.0,16.0,0.75,10.848895164244276,0.13157894736842105,0.049710265998769466,0.0469120140234232,0.002798251975346262,47.0,0.0,0.9787234042553191,0.7872340425531915,14.961308619696451,0.0,,,,,23.671875,0.0,1.40625,0.011650843593461593,0.010995003286739814,0.0006558403067217801,11.015625,0.0,,
10992,Gianluca Scamacca,Gianluca Scamacca,Italy,262.93333333333334,4,52.0,0.6730769230769231,47.0,5.0,4.0,12.0,0.5833333333333334,2.7597877184631705,0.16,0.39384875100079386,0.2967086939867869,0.09714005701400698,77.0,0.2727272727272727,0.4805194805194805,0.37662337662337664,4.600714322800823,36.0,0.5277777777777778,6.0,0.53312035,0.0,17.79918864097363,1.7114604462474643,1.3691683569979716,0.13481131182836503,0.10156103876322574,0.0332502730651393,26.356490872210955,12.322515212981743,2.0537525354969572,0.1824828784229209
22242,Heorhii Tsitaishvili,Georgiy Tsitaishvili,Georgia,198.11666666666667,4,67.0,0.7313432835820896,58.0,2.0,3.0,1.0,1.0,6.663492200695344,0.06896551724137931,0.4666241753359146,0.19930657469842122,0.2673176006374933,48.0,0.041666666666666664,0.7291666666666666,0.3541666666666667,6.826921794645475,16.0,0.75,3.0,0.072111208,0.0,30.436611424244973,0.908555564902835,1.3628333473542524,0.21197699560982072,0.09054054878198659,0.12143644682783411,21.80533355766804,7.26844451922268,1.3628333473542524,0.03275851966013291
45190,Dan Ndoye,Dan Ndoye,Switzerland,409.3833333333333,5,111.0,0.7837837837837838,101.0,5.0,6.0,21.0,0.7619047619047619,3.084972163325522,0.08450704225352113,1.544558872265451,0.2533138811636343,1.291244991101817,147.0,0.17006802721088435,0.5238095238095238,0.30612244897959184,5.449710895959999,73.0,0.5753424657534246,14.0,1.240358051,1.0,24.402556690957947,1.099214265358466,1.3190571184301592,0.3395602292160337,0.055689246357677205,0.28387098285835655,32.3168994015389,16.048528274233604,3.077799943003705,0.2726838527622848
5207,Cristiano Ronaldo dos Santos Aveiro,Cristiano Ronaldo,Portugal,508.06666666666666,5,101.0,0.8316831683168316,91.0,5.0,7.0,29.0,0.7241379310344828,3.2290606610154695,0.1044776119402985,0.6626249000590597,0.24944430894625022,0.41318059111280947,168.0,0.16666666666666666,0.49404761904761907,0.36904761904761907,4.865594068620846,110.0,0.5,25.0,4.5363125907,2.0,17.891352840834536,0.8857105366749771,1.2399947513449678,0.11737877116910256,0.044187090549460406,0.07319168061964214,29.75987403227923,19.485631806849497,4.428552683374885,0.8035719718468705
28040,Jindřich Staněk,Jindřich Staněk,Czech Republic,244.48333333333335,3,74.0,0.6351351351351351,42.0,0.0,3.0,9.0,0.3333333333333333,20.193795075923145,0.125,0.04224249919349511,0.039187015189547765,0.003055484003947349,18.0,0.0,1.0,0.7777777777777778,17.41245661466363,0.0,,,,,27.241120730792826,0.0,1.104369759356466,0.015550446222978635,0.014425651511593014,0.0011247947113856218,6.626218556138796,0.0,,
31866,Andraž Šporar,Andraž Šporar,Slovenia,349.98333333333335,4,68.0,0.6764705882352942,63.0,2.0,4.0,13.0,0.5384615384615384,3.7389861005785856,0.1111111111111111,0.39759516004228995,0.2169487730920748,0.18064638695021518,131.0,0.15267175572519084,0.6106870229007634,0.48854961832061067,8.550245605643912,59.0,0.6101694915254238,8.0,1.2492638090000001,0.0,17.486546978427544,0.5143102052478689,1.0286204104957377,0.10224362418345471,0.05578948400862917,0.046454140174825555,33.687318443735414,15.172151054812133,2.0572408209914754,0.3212545630077623
3289,Romelu Lukaku Menama,Romelu Lukaku,Belgium,375.3333333333333,4,56.0,0.6607142857142857,55.0,2.0,4.0,27.0,0.6666666666666666,1.9720767956305605,0.11764705882352941,0.47900092013187534,0.11809480320590908,0.3609061169259663,116.0,0.3275862068965517,0.5,0.4396551724137931,4.935765738718009,82.0,0.4878048780487805,11.0,1.751173472,0.0,13.428063943161636,0.47957371225577267,0.9591474245115453,0.11485812472078717,0.028317581585786372,0.0865405431350008,27.815275310834817,19.66252220248668,2.6376554174067497,0.41990838138543524
30926,Davide Frattesi,Davide Frattesi,Italy,201.15,4,60.0,0.7166666666666667,59.0,3.0,2.0,10.0,0.6,2.7988847792029112,0.05714285714285714,0.17786819084434846,0.07684553989113163,0.10102265095321683,82.0,0.24390243902439024,0.47560975609756095,0.25609756097560976,4.236404263432338,42.0,0.47619047619047616,2.0,0.2729836,0.0,26.845637583892614,1.342281879194631,0.8948545861297539,0.07958308315183377,0.03438279189759804,0.04520029125423571,36.68903803131991,18.79194630872483,0.8948545861297539,0.12214031319910514
9466,Che Adams,Che Adams,Scotland,210.61666666666667,3,32.0,0.84375,29.0,1.0,2.0,13.0,0.7692307692307693,2.3465415917706984,0.08695652173913043,0.11790154168484142,0.028667594394574916,0.08923394729026649,82.0,0.21951219512195122,0.5609756097560976,0.45121951219512196,5.899197005563606,29.0,0.5517241379310345,2.0,0.12430623499999999,0.0,13.674131518556617,0.4273166099548943,0.8546332199097886,0.0503812871012221,0.012250139252251685,0.038131147848970405,35.03996201630134,12.392181688691936,0.8546332199097886,0.05311811893645643
23558,Merih Demiral,Merih Demiral,Turkey,232.56666666666666,4,97.0,0.865979381443299,89.0,7.0,2.0,9.0,0.6666666666666666,8.244047955676859,0.03571428571428571,0.2378807618763226,0.2231370120934202,0.0147437497829024,55.0,0.03636363636363636,0.9636363636363636,0.6545454545454545,12.943746972846295,6.0,0.6666666666666666,3.0,0.71687357,2.0,37.53762362046725,2.7089006736419665,0.7739716210405618,0.09205647944189065,0.08635085748204595,0.005705621959844701,21.28421957861545,2.3219148631216857,1.1609574315608429,0.27741989952701734
25079,Artem Dovbyk,Artem Dovbyk,Ukraine,256.1166666666667,3,35.0,0.7714285714285715,30.0,2.0,2.0,8.0,0.5,2.5711228642546926,0.1111111111111111,0.6504650120764308,0.2759085162720132,0.3745564958044176,55.0,0.3090909090909091,0.38181818181818183,0.2909090909090909,4.067135734064216,39.0,0.38461538461538464,6.0,0.5450465980000001,0.0,12.299082449404569,0.7028047113945467,0.7028047113945467,0.22857493754231317,0.09695490257492491,0.13162003496738822,19.327129563350034,13.704691872193662,2.1084141341836404,0.1915306585019848
48178,Luka Lochoshvili,Luka Lochoshvili,Georgia,182.71666666666667,4,53.0,0.6792452830188679,42.0,1.0,1.0,13.0,0.6153846153846154,4.4676661477281865,0.043478260869565216,0.05732148233570633,0.02829874568093777,0.029022736654768563,30.0,0.0,0.7,0.16666666666666666,5.979400046871907,5.0,0.6,1.0,0.050998244,0.0,26.10599288515917,0.49256590349356927,0.49256590349356927,0.028234607736277863,0.013938997234065855,0.014295610502212007,14.776977104807077,2.462829517467846,0.49256590349356927,0.025119996132445494
43976,David Strelec,David Strelec,Slovakia,196.56666666666666,4,41.0,0.6341463414634146,37.0,2.0,1.0,11.0,0.2727272727272727,2.9305476296577084,0.047619047619047616,0.19842892575210286,0.12968217216195296,0.06874675359014992,73.0,0.2876712328767123,0.4520547945205479,0.3561643835616438,4.338896585238526,22.0,0.45454545454545453,7.0,0.6292369130000001,0.0,18.77225707987112,0.9157198575546889,0.45785992877734444,0.09085265381222278,0.059376270109763096,0.03147638370245969,33.423774800746145,10.072918433101577,3.2050195014414107,0.2881023681702561
